province,date,cumulative_cases,cumulative_recovered,cumulative_deaths,active_cases,active_cases_change,testing,cumulative_testing,date_formatted,total_n,rate_per_1M_cumulative_test_done,rate_per_1M_cumulative_test-confirmed_infectious,rate_per_1M_cumulative_test-confirmed_dead,Time,Total N,Test done,Susceptible,Recovered,Infectious,Dead,Test-confirmed infectious,Test-confirmed dead,Cumulative test done,Cumulative infectious,Cumulative dead,Cumulative test-confirmed infectious,Cumulative test-confirmed dead,Rate per 1M cumulative test done,Rate per 1M cumulative infectious,Rate per 1M cumulative dead,Rate per 1M cumulative test-confirmed infectious,Rate per 1M cumulative test-confirmed dead,Infectious-no symptom,Infectious-mild symptom,Infectious-severe symptom,Infectious-critical symptom,Infectious using non-ICU hospital bed,Infectious using ICU hospital bed,Infectious using ventilator,Recovered-no complication,Recovered-mild complication,Recovered-severe complication,Recovered using DrugX,Mean R0,Model params,Run,Date,Cumulative test-confirmed infectious percent change,Cumulative test-confirmed dead percent change,Test-confirmed infectious percent change
Alberta,20-02-2020,0,0,0,0,0,0,0,2020-02-20,4410000,0,0,0,1,10000,44,9998,0,2,0,0,0,44,2,0,0,0,4400,200,0,0,0,2,0,0,0,0,0,0,0,0,0,0,0,"(10000, 10, 2, 1, 3, 0, 0.15, 7, 3, 0, 0.5, 4, 4, 0, 0.07, 4.1, 1, 0, 0.75, 1, 2, 0, 0.1, 1, 2.8, 0, 0.15, 3, 3, 0, 0.25, 4.9, 2.2, 0, 0.11, 3.3, 3.1, 0, 0.11, 3, 2, 0, 0.001, 5, 3, 0, 0.001, 7, 3, 0, 0.01, 7, 1, 0, 0.001, 4, 2, 0, 0.001, 5, 2, 0, 0.25, 0.016, 0, 0.02, 0.02, 0.001, 0.001, 0.005, 0.1, 2000, 0.1, 3000, 0.1, 100, 0.1, 20)",4,2020-02-20,,,
Alberta,21-02-2020,0,0,0,0,0,0,0,2020-02-21,4410000,0,0,0,2,10000,47,9998,0,2,0,0,0,91,2,0,0,0,9100,200,0,0,0,2,0,0,0,0,0,0,0,0,0,0,0,"(10000, 10, 2, 1, 3, 0, 0.15, 7, 3, 0, 0.5, 4, 4, 0, 0.07, 4.1, 1, 0, 0.75, 1, 2, 0, 0.1, 1, 2.8, 0, 0.15, 3, 3, 0, 0.25, 4.9, 2.2, 0, 0.11, 3.3, 3.1, 0, 0.11, 3, 2, 0, 0.001, 5, 3, 0, 0.001, 7, 3, 0, 0.01, 7, 1, 0, 0.001, 4, 2, 0, 0.001, 5, 2, 0, 0.25, 0.016, 0, 0.02, 0.02, 0.001, 0.001, 0.005, 0.1, 2000, 0.1, 3000, 0.1, 100, 0.1, 20)",4,2020-02-21,,,
Alberta,22-02-2020,0,0,0,0,0,0,0,2020-02-22,4410000,0,0,0,3,10000,48,9998,0,2,0,0,0,139,2,0,0,0,13900,200,0,0,0,2,0,0,0,0,0,0,0,0,0,0,0,"(10000, 10, 2, 1, 3, 0, 0.15, 7, 3, 0, 0.5, 4, 4, 0, 0.07, 4.1, 1, 0, 0.75, 1, 2, 0, 0.1, 1, 2.8, 0, 0.15, 3, 3, 0, 0.25, 4.9, 2.2, 0, 0.11, 3.3, 3.1, 0, 0.11, 3, 2, 0, 0.001, 5, 3, 0, 0.001, 7, 3, 0, 0.01, 7, 1, 0, 0.001, 4, 2, 0, 0.001, 5, 2, 0, 0.25, 0.016, 0, 0.02, 0.02, 0.001, 0.001, 0.005, 0.1, 2000, 0.1, 3000, 0.1, 100, 0.1, 20)",4,2020-02-22,,,
Alberta,23-02-2020,0,0,0,0,0,0,0,2020-02-23,4410000,0,0,0,4,10000,55,9997,0,3,0,0,0,194,3,0,0,0,19400,300,0,0,0,3,0,0,0,0,0,0,0,0,0,0,1,"(10000, 10, 2, 1, 3, 0, 0.15, 7, 3, 0, 0.5, 4, 4, 0, 0.07, 4.1, 1, 0, 0.75, 1, 2, 0, 0.1, 1, 2.8, 0, 0.15, 3, 3, 0, 0.25, 4.9, 2.2, 0, 0.11, 3.3, 3.1, 0, 0.11, 3, 2, 0, 0.001, 5, 3, 0, 0.001, 7, 3, 0, 0.01, 7, 1, 0, 0.001, 4, 2, 0, 0.001, 5, 2, 0, 0.25, 0.016, 0, 0.02, 0.02, 0.001, 0.001, 0.005, 0.1, 2000, 0.1, 3000, 0.1, 100, 0.1, 20)",4,2020-02-23,,,
Alberta,24-02-2020,0,0,0,0,0,0,0,2020-02-24,4410000,0,0,0,5,10000,47,9996,0,4,0,0,0,241,4,0,0,0,24100,400,0,0,0,3,1,0,0,0,0,0,0,0,0,0,1,"(10000, 10, 2, 1, 3, 0, 0.15, 7, 3, 0, 0.5, 4, 4, 0, 0.07, 4.1, 1, 0, 0.75, 1, 2, 0, 0.1, 1, 2.8, 0, 0.15, 3, 3, 0, 0.25, 4.9, 2.2, 0, 0.11, 3.3, 3.1, 0, 0.11, 3, 2, 0, 0.001, 5, 3, 0, 0.001, 7, 3, 0, 0.01, 7, 1, 0, 0.001, 4, 2, 0, 0.001, 5, 2, 0, 0.25, 0.016, 0, 0.02, 0.02, 0.001, 0.001, 0.005, 0.1, 2000, 0.1, 3000, 0.1, 100, 0.1, 20)",4,2020-02-24,,,
Alberta,25-02-2020,0,0,0,0,0,0,0,2020-02-25,4410000,0,0,0,6,10000,57,9995,0,5,0,0,0,298,5,0,0,0,29800,500,0,0,0,4,1,0,0,0,0,0,0,0,0,0,1,"(10000, 10, 2, 1, 3, 0, 0.15, 7, 3, 0, 0.5, 4, 4, 0, 0.07, 4.1, 1, 0, 0.75, 1, 2, 0, 0.1, 1, 2.8, 0, 0.15, 3, 3, 0, 0.25, 4.9, 2.2, 0, 0.11, 3.3, 3.1, 0, 0.11, 3, 2, 0, 0.001, 5, 3, 0, 0.001, 7, 3, 0, 0.01, 7, 1, 0, 0.001, 4, 2, 0, 0.001, 5, 2, 0, 0.25, 0.016, 0, 0.02, 0.02, 0.001, 0.001, 0.005, 0.1, 2000, 0.1, 3000, 0.1, 100, 0.1, 20)",4,2020-02-25,,,
Alberta,26-02-2020,0,0,0,0,0,0,0,2020-02-26,4410000,0,0,0,7,10000,45,9995,0,5,0,0,0,343,5,0,0,0,34300,500,0,0,0,4,1,0,0,0,0,0,0,0,0,0,1,"(10000, 10, 2, 1, 3, 0, 0.15, 7, 3, 0, 0.5, 4, 4, 0, 0.07, 4.1, 1, 0, 0.75, 1, 2, 0, 0.1, 1, 2.8, 0, 0.15, 3, 3, 0, 0.25, 4.9, 2.2, 0, 0.11, 3.3, 3.1, 0, 0.11, 3, 2, 0, 0.001, 5, 3, 0, 0.001, 7, 3, 0, 0.01, 7, 1, 0, 0.001, 4, 2, 0, 0.001, 5, 2, 0, 0.25, 0.016, 0, 0.02, 0.02, 0.001, 0.001, 0.005, 0.1, 2000, 0.1, 3000, 0.1, 100, 0.1, 20)",4,2020-02-26,,,
Alberta,27-02-2020,0,0,0,0,0,0,0,2020-02-27,4410000,0,0,0,8,10000,40,9995,0,5,0,0,0,383,5,0,0,0,38300,500,0,0,0,5,0,0,0,0,0,0,0,0,0,0,1,"(10000, 10, 2, 1, 3, 0, 0.15, 7, 3, 0, 0.5, 4, 4, 0, 0.07, 4.1, 1, 0, 0.75, 1, 2, 0, 0.1, 1, 2.8, 0, 0.15, 3, 3, 0, 0.25, 4.9, 2.2, 0, 0.11, 3.3, 3.1, 0, 0.11, 3, 2, 0, 0.001, 5, 3, 0, 0.001, 7, 3, 0, 0.01, 7, 1, 0, 0.001, 4, 2, 0, 0.001, 5, 2, 0, 0.25, 0.016, 0, 0.02, 0.02, 0.001, 0.001, 0.005, 0.1, 2000, 0.1, 3000, 0.1, 100, 0.1, 20)",4,2020-02-27,,,
Alberta,28-02-2020,0,0,0,0,0,0,0,2020-02-28,4410000,0,0,0,9,10000,53,9993,0,7,0,0,0,436,7,0,0,0,43600,700,0,0,0,6,1,0,0,0,0,0,0,0,0,0,1,"(10000, 10, 2, 1, 3, 0, 0.15, 7, 3, 0, 0.5, 4, 4, 0, 0.07, 4.1, 1, 0, 0.75, 1, 2, 0, 0.1, 1, 2.8, 0, 0.15, 3, 3, 0, 0.25, 4.9, 2.2, 0, 0.11, 3.3, 3.1, 0, 0.11, 3, 2, 0, 0.001, 5, 3, 0, 0.001, 7, 3, 0, 0.01, 7, 1, 0, 0.001, 4, 2, 0, 0.001, 5, 2, 0, 0.25, 0.016, 0, 0.02, 0.02, 0.001, 0.001, 0.005, 0.1, 2000, 0.1, 3000, 0.1, 100, 0.1, 20)",4,2020-02-28,,,
Alberta,29-02-2020,0,0,0,0,0,0,0,2020-02-29,4410000,0,0,0,10,10000,47,9992,0,8,0,0,0,483,8,0,0,0,48300,800,0,0,0,7,1,0,0,0,0,0,0,0,0,0,1,"(10000, 10, 2, 1, 3, 0, 0.15, 7, 3, 0, 0.5, 4, 4, 0, 0.07, 4.1, 1, 0, 0.75, 1, 2, 0, 0.1, 1, 2.8, 0, 0.15, 3, 3, 0, 0.25, 4.9, 2.2, 0, 0.11, 3.3, 3.1, 0, 0.11, 3, 2, 0, 0.001, 5, 3, 0, 0.001, 7, 3, 0, 0.01, 7, 1, 0, 0.001, 4, 2, 0, 0.001, 5, 2, 0, 0.25, 0.016, 0, 0.02, 0.02, 0.001, 0.001, 0.005, 0.1, 2000, 0.1, 3000, 0.1, 100, 0.1, 20)",4,2020-02-29,,,
Alberta,01-03-2020,0,0,0,0,0,0,0,2020-03-01,4410000,0,0,0,11,10000,50,9991,0,9,0,0,0,533,9,0,0,0,53300,900,0,0,0,6,2,1,0,0,0,0,0,0,0,0,1,"(10000, 10, 2, 1, 3, 0, 0.15, 7, 3, 0, 0.5, 4, 4, 0, 0.07, 4.1, 1, 0, 0.75, 1, 2, 0, 0.1, 1, 2.8, 0, 0.15, 3, 3, 0, 0.25, 4.9, 2.2, 0, 0.11, 3.3, 3.1, 0, 0.11, 3, 2, 0, 0.001, 5, 3, 0, 0.001, 7, 3, 0, 0.01, 7, 1, 0, 0.001, 4, 2, 0, 0.001, 5, 2, 0, 0.25, 0.016, 0, 0.02, 0.02, 0.001, 0.001, 0.005, 0.1, 2000, 0.1, 3000, 0.1, 100, 0.1, 20)",4,2020-03-01,,,
Alberta,02-03-2020,0,0,0,0,0,0,0,2020-03-02,4410000,0,0,0,12,10000,53,9990,0,10,0,0,0,586,10,0,0,0,58600,1000,0,0,0,7,2,1,0,1,0,1,0,0,0,0,1,"(10000, 10, 2, 1, 3, 0, 0.15, 7, 3, 0, 0.5, 4, 4, 0, 0.07, 4.1, 1, 0, 0.75, 1, 2, 0, 0.1, 1, 2.8, 0, 0.15, 3, 3, 0, 0.25, 4.9, 2.2, 0, 0.11, 3.3, 3.1, 0, 0.11, 3, 2, 0, 0.001, 5, 3, 0, 0.001, 7, 3, 0, 0.01, 7, 1, 0, 0.001, 4, 2, 0, 0.001, 5, 2, 0, 0.25, 0.016, 0, 0.02, 0.02, 0.001, 0.001, 0.005, 0.1, 2000, 0.1, 3000, 0.1, 100, 0.1, 20)",4,2020-03-02,,,
Alberta,03-03-2020,0,0,0,0,0,0,0,2020-03-03,4410000,0,0,0,13,10000,43,9988,0,12,0,0,0,629,12,0,0,0,62900,1200,0,0,0,8,3,1,0,1,0,1,0,0,0,0,1,"(10000, 10, 2, 1, 3, 0, 0.15, 7, 3, 0, 0.5, 4, 4, 0, 0.07, 4.1, 1, 0, 0.75, 1, 2, 0, 0.1, 1, 2.8, 0, 0.15, 3, 3, 0, 0.25, 4.9, 2.2, 0, 0.11, 3.3, 3.1, 0, 0.11, 3, 2, 0, 0.001, 5, 3, 0, 0.001, 7, 3, 0, 0.01, 7, 1, 0, 0.001, 4, 2, 0, 0.001, 5, 2, 0, 0.25, 0.016, 0, 0.02, 0.02, 0.001, 0.001, 0.005, 0.1, 2000, 0.1, 3000, 0.1, 100, 0.1, 20)",4,2020-03-03,,,
Alberta,04-03-2020,0,0,0,0,0,0,0,2020-03-04,4410000,0,0,0,14,10000,64,9987,0,13,0,0,0,693,13,0,0,0,69300,1300,0,0,0,8,4,1,0,1,0,1,0,0,0,0,1,"(10000, 10, 2, 1, 3, 0, 0.15, 7, 3, 0, 0.5, 4, 4, 0, 0.07, 4.1, 1, 0, 0.75, 1, 2, 0, 0.1, 1, 2.8, 0, 0.15, 3, 3, 0, 0.25, 4.9, 2.2, 0, 0.11, 3.3, 3.1, 0, 0.11, 3, 2, 0, 0.001, 5, 3, 0, 0.001, 7, 3, 0, 0.01, 7, 1, 0, 0.001, 4, 2, 0, 0.001, 5, 2, 0, 0.25, 0.016, 0, 0.02, 0.02, 0.001, 0.001, 0.005, 0.1, 2000, 0.1, 3000, 0.1, 100, 0.1, 20)",4,2020-03-04,,,
Alberta,05-03-2020,1,0,0,1,1,0,0,2020-03-05,4410000,0,0.22675737,0,15,10000,48,9986,0,14,0,0,0,741,14,0,0,0,74100,1400,0,0,0,9,4,1,0,1,0,1,0,0,0,0,1,"(10000, 10, 2, 1, 3, 0, 0.15, 7, 3, 0, 0.5, 4, 4, 0, 0.07, 4.1, 1, 0, 0.75, 1, 2, 0, 0.1, 1, 2.8, 0, 0.15, 3, 3, 0, 0.25, 4.9, 2.2, 0, 0.11, 3.3, 3.1, 0, 0.11, 3, 2, 0, 0.001, 5, 3, 0, 0.001, 7, 3, 0, 0.01, 7, 1, 0, 0.001, 4, 2, 0, 0.001, 5, 2, 0, 0.25, 0.016, 0, 0.02, 0.02, 0.001, 0.001, 0.005, 0.1, 2000, 0.1, 3000, 0.1, 100, 0.1, 20)",4,2020-03-05,,,
Alberta,06-03-2020,2,0,0,2,1,0,0,2020-03-06,4410000,0,0.453514739,0,16,10000,49,9986,0,14,0,0,0,790,14,0,0,0,79000,1400,0,0,0,8,4,1,1,1,0,1,0,0,0,0,1,"(10000, 10, 2, 1, 3, 0, 0.15, 7, 3, 0, 0.5, 4, 4, 0, 0.07, 4.1, 1, 0, 0.75, 1, 2, 0, 0.1, 1, 2.8, 0, 0.15, 3, 3, 0, 0.25, 4.9, 2.2, 0, 0.11, 3.3, 3.1, 0, 0.11, 3, 2, 0, 0.001, 5, 3, 0, 0.001, 7, 3, 0, 0.01, 7, 1, 0, 0.001, 4, 2, 0, 0.001, 5, 2, 0, 0.25, 0.016, 0, 0.02, 0.02, 0.001, 0.001, 0.005, 0.1, 2000, 0.1, 3000, 0.1, 100, 0.1, 20)",4,2020-03-06,,,
Alberta,07-03-2020,2,0,0,2,0,0,0,2020-03-07,4410000,0,0.453514739,0,17,10000,58,9983,0,17,0,0,0,848,17,0,0,0,84800,1700,0,0,0,10,5,1,1,1,1,2,0,0,0,0,1,"(10000, 10, 2, 1, 3, 0, 0.15, 7, 3, 0, 0.5, 4, 4, 0, 0.07, 4.1, 1, 0, 0.75, 1, 2, 0, 0.1, 1, 2.8, 0, 0.15, 3, 3, 0, 0.25, 4.9, 2.2, 0, 0.11, 3.3, 3.1, 0, 0.11, 3, 2, 0, 0.001, 5, 3, 0, 0.001, 7, 3, 0, 0.01, 7, 1, 0, 0.001, 4, 2, 0, 0.001, 5, 2, 0, 0.25, 0.016, 0, 0.02, 0.02, 0.001, 0.001, 0.005, 0.1, 2000, 0.1, 3000, 0.1, 100, 0.1, 20)",4,2020-03-07,,,
Alberta,08-03-2020,4,0,0,4,2,0,0,2020-03-08,4410000,0,0.907029478,0,18,10000,52,9981,0,19,0,0,0,900,19,0,0,0,90000,1900,0,0,0,13,4,1,1,1,1,2,0,0,0,0,1,"(10000, 10, 2, 1, 3, 0, 0.15, 7, 3, 0, 0.5, 4, 4, 0, 0.07, 4.1, 1, 0, 0.75, 1, 2, 0, 0.1, 1, 2.8, 0, 0.15, 3, 3, 0, 0.25, 4.9, 2.2, 0, 0.11, 3.3, 3.1, 0, 0.11, 3, 2, 0, 0.001, 5, 3, 0, 0.001, 7, 3, 0, 0.01, 7, 1, 0, 0.001, 4, 2, 0, 0.001, 5, 2, 0, 0.25, 0.016, 0, 0.02, 0.02, 0.001, 0.001, 0.005, 0.1, 2000, 0.1, 3000, 0.1, 100, 0.1, 20)",4,2020-03-08,,,
Alberta,09-03-2020,14,0,0,14,10,0,0,2020-03-09,4410000,0,3.174603175,0,19,10000,44,9978,0,22,0,0,0,944,22,0,0,0,94400,2200,0,0,0,16,4,1,1,1,1,2,0,0,0,0,1,"(10000, 10, 2, 1, 3, 0, 0.15, 7, 3, 0, 0.5, 4, 4, 0, 0.07, 4.1, 1, 0, 0.75, 1, 2, 0, 0.1, 1, 2.8, 0, 0.15, 3, 3, 0, 0.25, 4.9, 2.2, 0, 0.11, 3.3, 3.1, 0, 0.11, 3, 2, 0, 0.001, 5, 3, 0, 0.001, 7, 3, 0, 0.01, 7, 1, 0, 0.001, 4, 2, 0, 0.001, 5, 2, 0, 0.25, 0.016, 0, 0.02, 0.02, 0.001, 0.001, 0.005, 0.1, 2000, 0.1, 3000, 0.1, 100, 0.1, 20)",4,2020-03-09,,,
Alberta,10-03-2020,14,0,0,14,0,0,0,2020-03-10,4410000,0,3.174603175,0,20,10000,55,9977,0,23,0,0,0,999,23,0,0,0,99900,2300,0,0,0,15,6,1,1,1,1,2,0,0,0,0,1,"(10000, 10, 2, 1, 3, 0, 0.15, 7, 3, 0, 0.5, 4, 4, 0, 0.07, 4.1, 1, 0, 0.75, 1, 2, 0, 0.1, 1, 2.8, 0, 0.15, 3, 3, 0, 0.25, 4.9, 2.2, 0, 0.11, 3.3, 3.1, 0, 0.11, 3, 2, 0, 0.001, 5, 3, 0, 0.001, 7, 3, 0, 0.01, 7, 1, 0, 0.001, 4, 2, 0, 0.001, 5, 2, 0, 0.25, 0.016, 0, 0.02, 0.02, 0.001, 0.001, 0.005, 0.1, 2000, 0.1, 3000, 0.1, 100, 0.1, 20)",4,2020-03-10,,,
Alberta,11-03-2020,19,0,0,19,5,0,0,2020-03-11,4410000,0,4.308390023,0,21,10000,43,9972,0,28,0,0,0,1042,28,0,0,0,104200,2800,0,0,0,19,6,1,2,1,2,3,0,0,0,0,1,"(10000, 10, 2, 1, 3, 0, 0.15, 7, 3, 0, 0.5, 4, 4, 0, 0.07, 4.1, 1, 0, 0.75, 1, 2, 0, 0.1, 1, 2.8, 0, 0.15, 3, 3, 0, 0.25, 4.9, 2.2, 0, 0.11, 3.3, 3.1, 0, 0.11, 3, 2, 0, 0.001, 5, 3, 0, 0.001, 7, 3, 0, 0.01, 7, 1, 0, 0.001, 4, 2, 0, 0.001, 5, 2, 0, 0.25, 0.016, 0, 0.02, 0.02, 0.001, 0.001, 0.005, 0.1, 2000, 0.1, 3000, 0.1, 100, 0.1, 20)",4,2020-03-11,,,
Alberta,12-03-2020,23,0,0,23,4,0,0,2020-03-12,4410000,0,5.215419501,0,22,10000,50,9971,0,29,0,0,0,1092,29,0,0,0,109200,2900,0,0,0,19,7,1,2,1,2,3,0,0,0,0,1.055555556,"(10000, 10, 2, 1, 3, 0, 0.15, 7, 3, 0, 0.5, 4, 4, 0, 0.07, 4.1, 1, 0, 0.75, 1, 2, 0, 0.1, 1, 2.8, 0, 0.15, 3, 3, 0, 0.25, 4.9, 2.2, 0, 0.11, 3.3, 3.1, 0, 0.11, 3, 2, 0, 0.001, 5, 3, 0, 0.001, 7, 3, 0, 0.01, 7, 1, 0, 0.001, 4, 2, 0, 0.001, 5, 2, 0, 0.25, 0.016, 0, 0.02, 0.02, 0.001, 0.001, 0.005, 0.1, 2000, 0.1, 3000, 0.1, 100, 0.1, 20)",4,2020-03-12,,,
Alberta,13-03-2020,29,0,0,29,6,0,0,2020-03-13,4410000,0,6.575963719,0,23,10000,44,9966,0,34,0,0,0,1136,34,0,0,0,113600,3400,0,0,0,23,8,1,2,1,2,3,0,0,0,0,1.055555556,"(10000, 10, 2, 1, 3, 0, 0.15, 7, 3, 0, 0.5, 4, 4, 0, 0.07, 4.1, 1, 0, 0.75, 1, 2, 0, 0.1, 1, 2.8, 0, 0.15, 3, 3, 0, 0.25, 4.9, 2.2, 0, 0.11, 3.3, 3.1, 0, 0.11, 3, 2, 0, 0.001, 5, 3, 0, 0.001, 7, 3, 0, 0.01, 7, 1, 0, 0.001, 4, 2, 0, 0.001, 5, 2, 0, 0.25, 0.016, 0, 0.02, 0.02, 0.001, 0.001, 0.005, 0.1, 2000, 0.1, 3000, 0.1, 100, 0.1, 20)",4,2020-03-13,,,
Alberta,14-03-2020,39,0,0,39,10,0,0,2020-03-14,4410000,0,8.843537415,0,24,10000,47,9962,0,38,0,0,0,1183,38,0,0,0,118300,3800,0,0,0,27,8,1,2,1,2,3,0,0,0,0,1.047619048,"(10000, 10, 2, 1, 3, 0, 0.15, 7, 3, 0, 0.5, 4, 4, 0, 0.07, 4.1, 1, 0, 0.75, 1, 2, 0, 0.1, 1, 2.8, 0, 0.15, 3, 3, 0, 0.25, 4.9, 2.2, 0, 0.11, 3.3, 3.1, 0, 0.11, 3, 2, 0, 0.001, 5, 3, 0, 0.001, 7, 3, 0, 0.01, 7, 1, 0, 0.001, 4, 2, 0, 0.001, 5, 2, 0, 0.25, 0.016, 0, 0.02, 0.02, 0.001, 0.001, 0.005, 0.1, 2000, 0.1, 3000, 0.1, 100, 0.1, 20)",4,2020-03-14,,,
Alberta,15-03-2020,56,0,0,56,17,7108,7108,2020-03-15,4410000,1611.791383,12.6984127,0,25,10000,42,9957,0,43,0,0,0,1225,43,0,0,0,122500,4300,0,0,0,33,7,1,2,1,2,3,0,0,0,0,1.041666667,"(10000, 10, 2, 1, 3, 0, 0.15, 7, 3, 0, 0.5, 4, 4, 0, 0.07, 4.1, 1, 0, 0.75, 1, 2, 0, 0.1, 1, 2.8, 0, 0.15, 3, 3, 0, 0.25, 4.9, 2.2, 0, 0.11, 3.3, 3.1, 0, 0.11, 3, 2, 0, 0.001, 5, 3, 0, 0.001, 7, 3, 0, 0.01, 7, 1, 0, 0.001, 4, 2, 0, 0.001, 5, 2, 0, 0.25, 0.016, 0, 0.02, 0.02, 0.001, 0.001, 0.005, 0.1, 2000, 0.1, 3000, 0.1, 100, 0.1, 20)",4,2020-03-15,,,
Alberta,16-03-2020,74,0,0,74,18,3490,10598,2020-03-16,4410000,2403.174603,16.78004535,0,26,10000,91,9956,0,44,0,0,0,1316,44,0,0,0,131600,4400,0,0,0,32,7,3,2,3,2,4,0,0,0,0,1.074074074,"(10000, 10, 2, 1, 3, 0, 0.15, 7, 3, 0, 0.5, 4, 4, 0, 0.07, 4.1, 1, 0, 0.75, 1, 2, 0, 0.1, 1, 2.8, 0, 0.15, 3, 3, 0, 0.25, 4.9, 2.2, 0, 0.11, 3.3, 3.1, 0, 0.11, 3, 2, 0, 0.001, 5, 3, 0, 0.001, 7, 3, 0, 0.01, 7, 1, 0, 0.001, 4, 2, 0, 0.001, 5, 2, 0, 0.25, 0.016, 0, 0.02, 0.02, 0.001, 0.001, 0.005, 0.1, 2000, 0.1, 3000, 0.1, 100, 0.1, 20)",4,2020-03-16,,,
Alberta,17-03-2020,97,0,0,97,23,1757,12355,2020-03-17,4410000,2801.587302,21.99546485,0,27,10000,93,9956,0,44,0,0,0,1409,44,0,0,0,140900,4400,0,0,0,25,12,4,3,4,3,6,0,0,0,0,1.071428571,"(10000, 10, 2, 1, 3, 0, 0.15, 7, 3, 0, 0.5, 4, 4, 0, 0.07, 4.1, 1, 0, 0.75, 1, 2, 0, 0.1, 1, 2.8, 0, 0.15, 3, 3, 0, 0.25, 4.9, 2.2, 0, 0.11, 3.3, 3.1, 0, 0.11, 3, 2, 0, 0.001, 5, 3, 0, 0.001, 7, 3, 0, 0.01, 7, 1, 0, 0.001, 4, 2, 0, 0.001, 5, 2, 0, 0.25, 0.016, 0, 0.02, 0.02, 0.001, 0.001, 0.005, 0.1, 2000, 0.1, 3000, 0.1, 100, 0.1, 20)",4,2020-03-17,,,
Alberta,18-03-2020,119,0,0,119,22,2211,14566,2020-03-18,4410000,3302.947846,26.98412698,0,28,10000,106,9955,0,44,1,1,0,1515,45,1,1,0,151500,4500,100,100,0,24,14,4,2,4,2,6,0,0,0,0,1.08,"(10000, 10, 2, 1, 3, 0, 0.15, 7, 3, 0, 0.5, 4, 4, 0, 0.07, 4.1, 1, 0, 0.75, 1, 2, 0, 0.1, 1, 2.8, 0, 0.15, 3, 3, 0, 0.25, 4.9, 2.2, 0, 0.11, 3.3, 3.1, 0, 0.11, 3, 2, 0, 0.001, 5, 3, 0, 0.001, 7, 3, 0, 0.01, 7, 1, 0, 0.001, 4, 2, 0, 0.001, 5, 2, 0, 0.25, 0.016, 0, 0.02, 0.02, 0.001, 0.001, 0.005, 0.1, 2000, 0.1, 3000, 0.1, 100, 0.1, 20)",4,2020-03-18,inf,,inf
Alberta,19-03-2020,146,2,1,143,24,2447,17013,2020-03-19,4410000,3857.823129,33.10657596,0.22675737,29,10000,66,9954,0,45,1,3,0,1581,46,1,3,0,158100,4600,100,300,0,23,15,4,3,4,3,7,0,0,0,0,1.083333333,"(10000, 10, 2, 1, 3, 0, 0.15, 7, 3, 0, 0.5, 4, 4, 0, 0.07, 4.1, 1, 0, 0.75, 1, 2, 0, 0.1, 1, 2.8, 0, 0.15, 3, 3, 0, 0.25, 4.9, 2.2, 0, 0.11, 3.3, 3.1, 0, 0.11, 3, 2, 0, 0.001, 5, 3, 0, 0.001, 7, 3, 0, 0.01, 7, 1, 0, 0.001, 4, 2, 0, 0.001, 5, 2, 0, 0.25, 0.016, 0, 0.02, 0.02, 0.001, 0.001, 0.005, 0.1, 2000, 0.1, 3000, 0.1, 100, 0.1, 20)",4,2020-03-19,2,,2
Alberta,20-03-2020,195,3,1,191,48,3347,20360,2020-03-20,4410000,4616.780045,44.21768707,0.22675737,30,10000,108,9953,0,46,1,3,0,1689,47,1,3,0,168900,4700,100,300,0,24,15,4,3,4,3,7,0,0,0,0,1.090909091,"(10000, 10, 2, 1, 3, 0, 0.15, 7, 3, 0, 0.5, 4, 4, 0, 0.07, 4.1, 1, 0, 0.75, 1, 2, 0, 0.1, 1, 2.8, 0, 0.15, 3, 3, 0, 0.25, 4.9, 2.2, 0, 0.11, 3.3, 3.1, 0, 0.11, 3, 2, 0, 0.001, 5, 3, 0, 0.001, 7, 3, 0, 0.01, 7, 1, 0, 0.001, 4, 2, 0, 0.001, 5, 2, 0, 0.25, 0.016, 0, 0.02, 0.02, 0.001, 0.001, 0.005, 0.1, 2000, 0.1, 3000, 0.1, 100, 0.1, 20)",4,2020-03-20,0,,0
Alberta,21-03-2020,226,3,1,222,31,3382,23742,2020-03-21,4410000,5383.673469,51.24716553,0.22675737,31,10000,86,9953,1,45,1,3,0,1775,47,1,3,0,177500,4700,100,300,0,24,14,4,3,4,3,7,0,1,0,0,1.090909091,"(10000, 10, 2, 1, 3, 0, 0.15, 7, 3, 0, 0.5, 4, 4, 0, 0.07, 4.1, 1, 0, 0.75, 1, 2, 0, 0.1, 1, 2.8, 0, 0.15, 3, 3, 0, 0.25, 4.9, 2.2, 0, 0.11, 3.3, 3.1, 0, 0.11, 3, 2, 0, 0.001, 5, 3, 0, 0.001, 7, 3, 0, 0.01, 7, 1, 0, 0.001, 4, 2, 0, 0.001, 5, 2, 0, 0.25, 0.016, 0, 0.02, 0.02, 0.001, 0.001, 0.005, 0.1, 2000, 0.1, 3000, 0.1, 100, 0.1, 20)",4,2020-03-21,0,,0
Alberta,22-03-2020,259,3,1,255,33,3257,26999,2020-03-22,4410000,6122.222222,58.73015873,0.22675737,32,10000,104,9953,1,45,1,3,0,1879,47,1,3,0,187900,4700,100,300,0,22,14,6,3,6,3,9,0,1,0,0,1.055555556,"(10000, 10, 2, 1, 3, 0, 0.15, 7, 3, 0, 0.5, 4, 4, 0, 0.07, 4.1, 1, 0, 0.75, 1, 2, 0, 0.1, 1, 2.8, 0, 0.15, 3, 3, 0, 0.25, 4.9, 2.2, 0, 0.11, 3.3, 3.1, 0, 0.11, 3, 2, 0, 0.001, 5, 3, 0, 0.001, 7, 3, 0, 0.01, 7, 1, 0, 0.001, 4, 2, 0, 0.001, 5, 2, 0, 0.25, 0.016, 0, 0.02, 0.02, 0.001, 0.001, 0.005, 0.1, 2000, 0.1, 3000, 0.1, 100, 0.1, 20)",4,2020-03-22,0,,0
Alberta,23-03-2020,301,3,1,297,42,3059,30058,2020-03-23,4410000,6815.873016,68.25396825,0.22675737,33,10000,88,9953,1,45,1,5,0,1967,47,1,5,0,196700,4700,100,500,0,21,14,6,4,6,4,10,0,1,0,0,1.058823529,"(10000, 10, 2, 1, 3, 0, 0.15, 7, 3, 0, 0.5, 4, 4, 0, 0.07, 4.1, 1, 0, 0.75, 1, 2, 0, 0.1, 1, 2.8, 0, 0.15, 3, 3, 0, 0.25, 4.9, 2.2, 0, 0.11, 3.3, 3.1, 0, 0.11, 3, 2, 0, 0.001, 5, 3, 0, 0.001, 7, 3, 0, 0.01, 7, 1, 0, 0.001, 4, 2, 0, 0.001, 5, 2, 0, 0.25, 0.016, 0, 0.02, 0.02, 0.001, 0.001, 0.005, 0.1, 2000, 0.1, 3000, 0.1, 100, 0.1, 20)",4,2020-03-23,0.666666667,,0.666666667
Alberta,24-03-2020,358,3,2,353,56,2718,32776,2020-03-24,4410000,7432.199546,81.17913832,0.453514739,34,10000,97,9953,1,43,3,5,1,2064,47,3,6,1,206400,4700,300,600,100,21,14,4,4,4,4,8,1,0,0,0,1.083333333,"(10000, 10, 2, 1, 3, 0, 0.15, 7, 3, 0, 0.5, 4, 4, 0, 0.07, 4.1, 1, 0, 0.75, 1, 2, 0, 0.1, 1, 2.8, 0, 0.15, 3, 3, 0, 0.25, 4.9, 2.2, 0, 0.11, 3.3, 3.1, 0, 0.11, 3, 2, 0, 0.001, 5, 3, 0, 0.001, 7, 3, 0, 0.01, 7, 1, 0, 0.001, 4, 2, 0, 0.001, 5, 2, 0, 0.25, 0.016, 0, 0.02, 0.02, 0.001, 0.001, 0.005, 0.1, 2000, 0.1, 3000, 0.1, 100, 0.1, 20)",4,2020-03-24,0.2,inf,0
Alberta,25-03-2020,419,3,2,414,61,2732,35508,2020-03-25,4410000,8051.70068,95.01133787,0.453514739,35,10000,102,9953,3,41,3,6,1,2166,47,3,7,1,216600,4700,300,700,100,19,15,3,4,3,4,8,3,0,0,0,1.125,"(10000, 10, 2, 1, 3, 0, 0.15, 7, 3, 0, 0.5, 4, 4, 0, 0.07, 4.1, 1, 0, 0.75, 1, 2, 0, 0.1, 1, 2.8, 0, 0.15, 3, 3, 0, 0.25, 4.9, 2.2, 0, 0.11, 3.3, 3.1, 0, 0.11, 3, 2, 0, 0.001, 5, 3, 0, 0.001, 7, 3, 0, 0.01, 7, 1, 0, 0.001, 4, 2, 0, 0.001, 5, 2, 0, 0.25, 0.016, 0, 0.02, 0.02, 0.001, 0.001, 0.005, 0.1, 2000, 0.1, 3000, 0.1, 100, 0.1, 20)",4,2020-03-25,0.166666667,0,0.2
Alberta,26-03-2020,486,27,2,457,43,1152,36660,2020-03-26,4410000,8312.92517,110.2040816,0.453514739,36,10000,112,9953,3,41,3,6,1,2278,47,3,7,1,227800,4700,300,700,100,19,15,3,4,3,4,7,3,0,0,0,1,"(10000, 10, 2, 1, 3, 0, 0.15, 7, 3, 0, 0.5, 4, 4, 0, 0.07, 4.1, 1, 0, 0.75, 1, 2, 0, 0.1, 1, 2.8, 0, 0.15, 3, 3, 0, 0.25, 4.9, 2.2, 0, 0.11, 3.3, 3.1, 0, 0.11, 3, 2, 0, 0.001, 5, 3, 0, 0.001, 7, 3, 0, 0.01, 7, 1, 0, 0.001, 4, 2, 0, 0.001, 5, 2, 0, 0.25, 0.016, 0, 0.02, 0.02, 0.001, 0.001, 0.005, 0.1, 2000, 0.1, 3000, 0.1, 100, 0.1, 20)",4,2020-03-26,0,0,0
Alberta,27-03-2020,542,33,2,507,50,1555,38215,2020-03-27,4410000,8665.53288,122.9024943,0.453514739,37,10000,90,9953,4,40,3,5,1,2368,47,3,7,1,236800,4700,300,700,100,18,15,3,4,3,4,7,4,0,0,0,1,"(10000, 10, 2, 1, 3, 0, 0.15, 7, 3, 0, 0.5, 4, 4, 0, 0.07, 4.1, 1, 0, 0.75, 1, 2, 0, 0.1, 1, 2.8, 0, 0.15, 3, 3, 0, 0.25, 4.9, 2.2, 0, 0.11, 3.3, 3.1, 0, 0.11, 3, 2, 0, 0.001, 5, 3, 0, 0.001, 7, 3, 0, 0.01, 7, 1, 0, 0.001, 4, 2, 0, 0.001, 5, 2, 0, 0.25, 0.016, 0, 0.02, 0.02, 0.001, 0.001, 0.005, 0.1, 2000, 0.1, 3000, 0.1, 100, 0.1, 20)",4,2020-03-27,0,0,-0.166666667
Alberta,28-03-2020,621,53,2,566,59,4312,42527,2020-03-28,4410000,9643.310658,140.8163265,0.453514739,38,10000,97,9953,4,40,3,5,1,2465,47,3,7,1,246500,4700,300,700,100,19,14,3,4,3,4,7,4,0,0,0,1,"(10000, 10, 2, 1, 3, 0, 0.15, 7, 3, 0, 0.5, 4, 4, 0, 0.07, 4.1, 1, 0, 0.75, 1, 2, 0, 0.1, 1, 2.8, 0, 0.15, 3, 3, 0, 0.25, 4.9, 2.2, 0, 0.11, 3.3, 3.1, 0, 0.11, 3, 2, 0, 0.001, 5, 3, 0, 0.001, 7, 3, 0, 0.01, 7, 1, 0, 0.001, 4, 2, 0, 0.001, 5, 2, 0, 0.25, 0.016, 0, 0.02, 0.02, 0.001, 0.001, 0.005, 0.1, 2000, 0.1, 3000, 0.1, 100, 0.1, 20)",4,2020-03-28,0,0,0
Alberta,29-03-2020,661,73,3,585,19,2472,44999,2020-03-29,4410000,10203.85488,149.8866213,0.680272109,39,10000,107,9953,4,40,3,6,1,2572,47,3,8,1,257200,4700,300,800,100,19,14,3,4,3,4,7,4,0,0,0,1,"(10000, 10, 2, 1, 3, 0, 0.15, 7, 3, 0, 0.5, 4, 4, 0, 0.07, 4.1, 1, 0, 0.75, 1, 2, 0, 0.1, 1, 2.8, 0, 0.15, 3, 3, 0, 0.25, 4.9, 2.2, 0, 0.11, 3.3, 3.1, 0, 0.11, 3, 2, 0, 0.001, 5, 3, 0, 0.001, 7, 3, 0, 0.01, 7, 1, 0, 0.001, 4, 2, 0, 0.001, 5, 2, 0, 0.25, 0.016, 0, 0.02, 0.02, 0.001, 0.001, 0.005, 0.1, 2000, 0.1, 3000, 0.1, 100, 0.1, 20)",4,2020-03-29,0.142857143,0,0.2
Alberta,30-03-2020,690,94,8,588,3,1058,46057,2020-03-30,4410000,10443.76417,156.462585,1.814058957,40,10000,109,9953,4,40,3,7,1,2681,47,3,9,1,268100,4700,300,900,100,19,14,3,4,3,4,7,4,0,0,0,1,"(10000, 10, 2, 1, 3, 0, 0.15, 7, 3, 0, 0.5, 4, 4, 0, 0.07, 4.1, 1, 0, 0.75, 1, 2, 0, 0.1, 1, 2.8, 0, 0.15, 3, 3, 0, 0.25, 4.9, 2.2, 0, 0.11, 3.3, 3.1, 0, 0.11, 3, 2, 0, 0.001, 5, 3, 0, 0.001, 7, 3, 0, 0.01, 7, 1, 0, 0.001, 4, 2, 0, 0.001, 5, 2, 0, 0.25, 0.016, 0, 0.02, 0.02, 0.001, 0.001, 0.005, 0.1, 2000, 0.1, 3000, 0.1, 100, 0.1, 20)",4,2020-03-30,0.125,0,0.166666667
Alberta,31-03-2020,754,120,9,625,37,2635,48692,2020-03-31,4410000,11041.26984,170.9750567,2.040816327,41,10000,90,9953,4,40,3,8,1,2771,47,3,10,1,277100,4700,300,1000,100,19,14,3,4,3,4,7,4,0,0,0,0,"(10000, 10, 2, 1, 3, 0, 0.15, 7, 3, 0, 0.5, 4, 4, 0, 0.07, 4.1, 1, 0, 0.75, 1, 2, 0, 0.1, 1, 2.8, 0, 0.15, 3, 3, 0, 0.25, 4.9, 2.2, 0, 0.11, 3.3, 3.1, 0, 0.11, 3, 2, 0, 0.001, 5, 3, 0, 0.001, 7, 3, 0, 0.01, 7, 1, 0, 0.001, 4, 2, 0, 0.001, 5, 2, 0, 0.25, 0.016, 0, 0.02, 0.02, 0.001, 0.001, 0.005, 0.1, 2000, 0.1, 3000, 0.1, 100, 0.1, 20)",4,2020-03-31,0.111111111,0,0.142857143
Alberta,01-04-2020,871,142,11,718,93,4449,53141,2020-04-01,4410000,12050.11338,197.5056689,2.494331066,42,10000,91,9953,4,40,3,8,1,2862,47,3,10,1,286200,4700,300,1000,100,19,14,3,4,3,4,7,4,0,0,0,0,"(10000, 10, 2, 1, 3, 0, 0.15, 7, 3, 0, 0.5, 4, 4, 0, 0.07, 4.1, 1, 0, 0.75, 1, 2, 0, 0.1, 1, 2.8, 0, 0.15, 3, 3, 0, 0.25, 4.9, 2.2, 0, 0.11, 3.3, 3.1, 0, 0.11, 3, 2, 0, 0.001, 5, 3, 0, 0.001, 7, 3, 0, 0.01, 7, 1, 0, 0.001, 4, 2, 0, 0.001, 5, 2, 0, 0.25, 0.016, 0, 0.02, 0.02, 0.001, 0.001, 0.005, 0.1, 2000, 0.1, 3000, 0.1, 100, 0.1, 20)",4,2020-04-01,0,0,0
Alberta,02-04-2020,968,174,13,781,63,3955,57096,2020-04-02,4410000,12946.93878,219.5011338,2.947845805,43,10000,116,9953,4,40,3,8,1,2978,47,3,10,1,297800,4700,300,1000,100,19,14,3,4,3,4,7,4,0,0,0,0,"(10000, 10, 2, 1, 3, 0, 0.15, 7, 3, 0, 0.5, 4, 4, 0, 0.07, 4.1, 1, 0, 0.75, 1, 2, 0, 0.1, 1, 2.8, 0, 0.15, 3, 3, 0, 0.25, 4.9, 2.2, 0, 0.11, 3.3, 3.1, 0, 0.11, 3, 2, 0, 0.001, 5, 3, 0, 0.001, 7, 3, 0, 0.01, 7, 1, 0, 0.001, 4, 2, 0, 0.001, 5, 2, 0, 0.25, 0.016, 0, 0.02, 0.02, 0.001, 0.001, 0.005, 0.1, 2000, 0.1, 3000, 0.1, 100, 0.1, 20)",4,2020-04-02,0,0,0
Alberta,03-04-2020,1075,196,18,861,80,4864,61960,2020-04-03,4410000,14049.88662,243.7641723,4.081632653,44,10000,102,9953,4,40,3,9,1,3080,47,3,11,1,308000,4700,300,1100,100,19,14,3,4,3,4,7,4,0,0,0,0,"(10000, 10, 2, 1, 3, 0, 0.15, 7, 3, 0, 0.5, 4, 4, 0, 0.07, 4.1, 1, 0, 0.75, 1, 2, 0, 0.1, 1, 2.8, 0, 0.15, 3, 3, 0, 0.25, 4.9, 2.2, 0, 0.11, 3.3, 3.1, 0, 0.11, 3, 2, 0, 0.001, 5, 3, 0, 0.001, 7, 3, 0, 0.01, 7, 1, 0, 0.001, 4, 2, 0, 0.001, 5, 2, 0, 0.25, 0.016, 0, 0.02, 0.02, 0.001, 0.001, 0.005, 0.1, 2000, 0.1, 3000, 0.1, 100, 0.1, 20)",4,2020-04-03,0.1,0,0.125
Alberta,04-04-2020,1181,196,20,965,104,2148,64108,2020-04-04,4410000,14536.96145,267.8004535,4.535147392,45,10000,109,9953,4,39,4,9,1,3189,47,4,11,1,318900,4700,400,1100,100,19,14,2,4,2,4,6,4,0,0,0,0,"(10000, 10, 2, 1, 3, 0, 0.15, 7, 3, 0, 0.5, 4, 4, 0, 0.07, 4.1, 1, 0, 0.75, 1, 2, 0, 0.1, 1, 2.8, 0, 0.15, 3, 3, 0, 0.25, 4.9, 2.2, 0, 0.11, 3.3, 3.1, 0, 0.11, 3, 2, 0, 0.001, 5, 3, 0, 0.001, 7, 3, 0, 0.01, 7, 1, 0, 0.001, 4, 2, 0, 0.001, 5, 2, 0, 0.25, 0.016, 0, 0.02, 0.02, 0.001, 0.001, 0.005, 0.1, 2000, 0.1, 3000, 0.1, 100, 0.1, 20)",4,2020-04-04,0,0,0
Alberta,05-04-2020,1250,279,23,948,-17,985,65093,2020-04-05,4410000,14760.31746,283.446712,5.215419501,46,10000,102,9953,4,38,5,8,2,3291,47,5,11,2,329100,4700,500,1100,200,19,14,2,3,2,3,5,4,0,0,0,0,"(10000, 10, 2, 1, 3, 0, 0.15, 7, 3, 0, 0.5, 4, 4, 0, 0.07, 4.1, 1, 0, 0.75, 1, 2, 0, 0.1, 1, 2.8, 0, 0.15, 3, 3, 0, 0.25, 4.9, 2.2, 0, 0.11, 3.3, 3.1, 0, 0.11, 3, 2, 0, 0.001, 5, 3, 0, 0.001, 7, 3, 0, 0.01, 7, 1, 0, 0.001, 4, 2, 0, 0.001, 5, 2, 0, 0.25, 0.016, 0, 0.02, 0.02, 0.001, 0.001, 0.005, 0.1, 2000, 0.1, 3000, 0.1, 100, 0.1, 20)",4,2020-04-05,0,1,-0.111111111
Alberta,06-04-2020,1348,361,24,963,15,821,65914,2020-04-06,4410000,14946.48526,305.6689342,5.442176871,47,10000,116,9953,4,38,5,8,2,3407,47,5,11,2,340700,4700,500,1100,200,19,14,2,3,2,3,5,4,0,0,0,0,"(10000, 10, 2, 1, 3, 0, 0.15, 7, 3, 0, 0.5, 4, 4, 0, 0.07, 4.1, 1, 0, 0.75, 1, 2, 0, 0.1, 1, 2.8, 0, 0.15, 3, 3, 0, 0.25, 4.9, 2.2, 0, 0.11, 3.3, 3.1, 0, 0.11, 3, 2, 0, 0.001, 5, 3, 0, 0.001, 7, 3, 0, 0.01, 7, 1, 0, 0.001, 4, 2, 0, 0.001, 5, 2, 0, 0.25, 0.016, 0, 0.02, 0.02, 0.001, 0.001, 0.005, 0.1, 2000, 0.1, 3000, 0.1, 100, 0.1, 20)",4,2020-04-06,0,0,0
Alberta,07-04-2020,1373,447,26,900,-63,1203,67117,2020-04-07,4410000,15219.27438,311.3378685,5.89569161,48,10000,107,9953,5,37,5,8,2,3514,47,5,11,2,351400,4700,500,1100,200,18,14,2,3,2,3,5,4,1,0,0,0,"(10000, 10, 2, 1, 3, 0, 0.15, 7, 3, 0, 0.5, 4, 4, 0, 0.07, 4.1, 1, 0, 0.75, 1, 2, 0, 0.1, 1, 2.8, 0, 0.15, 3, 3, 0, 0.25, 4.9, 2.2, 0, 0.11, 3.3, 3.1, 0, 0.11, 3, 2, 0, 0.001, 5, 3, 0, 0.001, 7, 3, 0, 0.01, 7, 1, 0, 0.001, 4, 2, 0, 0.001, 5, 2, 0, 0.25, 0.016, 0, 0.02, 0.02, 0.001, 0.001, 0.005, 0.1, 2000, 0.1, 3000, 0.1, 100, 0.1, 20)",4,2020-04-07,0,0,0
Alberta,08-04-2020,1423,519,29,875,-25,1645,68762,2020-04-08,4410000,15592.29025,322.675737,6.575963719,49,10000,87,9953,5,36,6,9,2,3601,47,6,12,2,360100,4700,600,1200,200,18,14,1,3,1,3,4,4,1,0,0,0,"(10000, 10, 2, 1, 3, 0, 0.15, 7, 3, 0, 0.5, 4, 4, 0, 0.07, 4.1, 1, 0, 0.75, 1, 2, 0, 0.1, 1, 2.8, 0, 0.15, 3, 3, 0, 0.25, 4.9, 2.2, 0, 0.11, 3.3, 3.1, 0, 0.11, 3, 2, 0, 0.001, 5, 3, 0, 0.001, 7, 3, 0, 0.01, 7, 1, 0, 0.001, 4, 2, 0, 0.001, 5, 2, 0, 0.25, 0.016, 0, 0.02, 0.02, 0.001, 0.001, 0.005, 0.1, 2000, 0.1, 3000, 0.1, 100, 0.1, 20)",4,2020-04-08,0.090909091,0,0.125
Alberta,09-04-2020,1451,592,32,827,-48,1485,70247,2020-04-09,4410000,15929.02494,329.0249433,7.256235828,50,10000,83,9953,6,35,6,9,2,3684,47,6,12,2,368400,4700,600,1200,200,18,13,1,3,1,3,4,5,1,0,0,0,"(10000, 10, 2, 1, 3, 0, 0.15, 7, 3, 0, 0.5, 4, 4, 0, 0.07, 4.1, 1, 0, 0.75, 1, 2, 0, 0.1, 1, 2.8, 0, 0.15, 3, 3, 0, 0.25, 4.9, 2.2, 0, 0.11, 3.3, 3.1, 0, 0.11, 3, 2, 0, 0.001, 5, 3, 0, 0.001, 7, 3, 0, 0.01, 7, 1, 0, 0.001, 4, 2, 0, 0.001, 5, 2, 0, 0.25, 0.016, 0, 0.02, 0.02, 0.001, 0.001, 0.005, 0.1, 2000, 0.1, 3000, 0.1, 100, 0.1, 20)",4,2020-04-09,0,0,0
Alberta,10-04-2020,1500,713,39,748,-79,2123,72370,2020-04-10,4410000,16410.43084,340.1360544,8.843537415,51,10000,94,9953,6,35,6,9,2,3778,47,6,12,2,377800,4700,600,1200,200,18,13,1,3,1,3,4,5,1,0,0,0,"(10000, 10, 2, 1, 3, 0, 0.15, 7, 3, 0, 0.5, 4, 4, 0, 0.07, 4.1, 1, 0, 0.75, 1, 2, 0, 0.1, 1, 2.8, 0, 0.15, 3, 3, 0, 0.25, 4.9, 2.2, 0, 0.11, 3.3, 3.1, 0, 0.11, 3, 2, 0, 0.001, 5, 3, 0, 0.001, 7, 3, 0, 0.01, 7, 1, 0, 0.001, 4, 2, 0, 0.001, 5, 2, 0, 0.25, 0.016, 0, 0.02, 0.02, 0.001, 0.001, 0.005, 0.1, 2000, 0.1, 3000, 0.1, 100, 0.1, 20)",4,2020-04-10,0,0,0
Alberta,11-04-2020,1569,774,40,755,7,2908,75278,2020-04-11,4410000,17069.84127,355.7823129,9.070294785,52,10000,113,9953,6,35,6,9,2,3891,47,6,12,2,389100,4700,600,1200,200,18,13,1,3,1,3,4,5,1,0,0,0,"(10000, 10, 2, 1, 3, 0, 0.15, 7, 3, 0, 0.5, 4, 4, 0, 0.07, 4.1, 1, 0, 0.75, 1, 2, 0, 0.1, 1, 2.8, 0, 0.15, 3, 3, 0, 0.25, 4.9, 2.2, 0, 0.11, 3.3, 3.1, 0, 0.11, 3, 2, 0, 0.001, 5, 3, 0, 0.001, 7, 3, 0, 0.01, 7, 1, 0, 0.001, 4, 2, 0, 0.001, 5, 2, 0, 0.25, 0.016, 0, 0.02, 0.02, 0.001, 0.001, 0.005, 0.1, 2000, 0.1, 3000, 0.1, 100, 0.1, 20)",4,2020-04-11,0,0,0
Alberta,12-04-2020,1651,823,44,784,29,2038,77316,2020-04-12,4410000,17531.97279,374.3764172,9.977324263,53,10000,104,9953,6,35,6,9,2,3995,47,6,12,2,399500,4700,600,1200,200,18,13,1,3,1,3,4,5,1,0,0,0,"(10000, 10, 2, 1, 3, 0, 0.15, 7, 3, 0, 0.5, 4, 4, 0, 0.07, 4.1, 1, 0, 0.75, 1, 2, 0, 0.1, 1, 2.8, 0, 0.15, 3, 3, 0, 0.25, 4.9, 2.2, 0, 0.11, 3.3, 3.1, 0, 0.11, 3, 2, 0, 0.001, 5, 3, 0, 0.001, 7, 3, 0, 0.01, 7, 1, 0, 0.001, 4, 2, 0, 0.001, 5, 2, 0, 0.25, 0.016, 0, 0.02, 0.02, 0.001, 0.001, 0.005, 0.1, 2000, 0.1, 3000, 0.1, 100, 0.1, 20)",4,2020-04-12,0,0,0
Alberta,13-04-2020,1732,877,46,809,25,2465,79781,2020-04-13,4410000,18090.92971,392.7437642,10.430839,54,10000,112,9953,6,33,8,8,3,4107,47,8,12,3,410700,4700,800,1200,300,18,13,0,2,0,2,2,5,1,0,0,0,"(10000, 10, 2, 1, 3, 0, 0.15, 7, 3, 0, 0.5, 4, 4, 0, 0.07, 4.1, 1, 0, 0.75, 1, 2, 0, 0.1, 1, 2.8, 0, 0.15, 3, 3, 0, 0.25, 4.9, 2.2, 0, 0.11, 3.3, 3.1, 0, 0.11, 3, 2, 0, 0.001, 5, 3, 0, 0.001, 7, 3, 0, 0.01, 7, 1, 0, 0.001, 4, 2, 0, 0.001, 5, 2, 0, 0.25, 0.016, 0, 0.02, 0.02, 0.001, 0.001, 0.005, 0.1, 2000, 0.1, 3000, 0.1, 100, 0.1, 20)",4,2020-04-13,0,0.5,-0.111111111
Alberta,14-04-2020,1870,914,48,908,99,2868,82649,2020-04-14,4410000,18741.26984,424.0362812,10.88435374,55,10000,106,9953,7,31,9,8,3,4213,47,9,12,3,421300,4700,900,1200,300,18,12,0,1,0,1,1,6,1,0,0,0,"(10000, 10, 2, 1, 3, 0, 0.15, 7, 3, 0, 0.5, 4, 4, 0, 0.07, 4.1, 1, 0, 0.75, 1, 2, 0, 0.1, 1, 2.8, 0, 0.15, 3, 3, 0, 0.25, 4.9, 2.2, 0, 0.11, 3.3, 3.1, 0, 0.11, 3, 2, 0, 0.001, 5, 3, 0, 0.001, 7, 3, 0, 0.01, 7, 1, 0, 0.001, 4, 2, 0, 0.001, 5, 2, 0, 0.25, 0.016, 0, 0.02, 0.02, 0.001, 0.001, 0.005, 0.1, 2000, 0.1, 3000, 0.1, 100, 0.1, 20)",4,2020-04-14,0,0,0
Alberta,15-04-2020,1996,914,48,1034,126,2853,85502,2020-04-15,4410000,19388.20862,452.6077098,10.88435374,56,10000,93,9953,7,30,10,8,4,4306,47,10,13,4,430600,4700,1000,1300,400,18,12,0,0,0,0,0,6,1,0,0,0,"(10000, 10, 2, 1, 3, 0, 0.15, 7, 3, 0, 0.5, 4, 4, 0, 0.07, 4.1, 1, 0, 0.75, 1, 2, 0, 0.1, 1, 2.8, 0, 0.15, 3, 3, 0, 0.25, 4.9, 2.2, 0, 0.11, 3.3, 3.1, 0, 0.11, 3, 2, 0, 0.001, 5, 3, 0, 0.001, 7, 3, 0, 0.01, 7, 1, 0, 0.001, 4, 2, 0, 0.001, 5, 2, 0, 0.25, 0.016, 0, 0.02, 0.02, 0.001, 0.001, 0.005, 0.1, 2000, 0.1, 3000, 0.1, 100, 0.1, 20)",4,2020-04-15,0.083333333,0.333333333,0
Alberta,16-04-2020,2158,914,50,1194,160,0,85502,2020-04-16,4410000,19388.20862,489.3424036,11.33786848,57,10000,84,9953,7,30,10,8,4,4390,47,10,13,4,439000,4700,1000,1300,400,18,12,0,0,0,0,0,6,1,0,0,0,"(10000, 10, 2, 1, 3, 0, 0.15, 7, 3, 0, 0.5, 4, 4, 0, 0.07, 4.1, 1, 0, 0.75, 1, 2, 0, 0.1, 1, 2.8, 0, 0.15, 3, 3, 0, 0.25, 4.9, 2.2, 0, 0.11, 3.3, 3.1, 0, 0.11, 3, 2, 0, 0.001, 5, 3, 0, 0.001, 7, 3, 0, 0.01, 7, 1, 0, 0.001, 4, 2, 0, 0.001, 5, 2, 0, 0.25, 0.016, 0, 0.02, 0.02, 0.001, 0.001, 0.005, 0.1, 2000, 0.1, 3000, 0.1, 100, 0.1, 20)",4,2020-04-16,0,0,0
Alberta,17-04-2020,2397,1124,50,1223,29,7303,92805,2020-04-17,4410000,21044.21769,543.537415,11.33786848,58,10000,100,9953,7,30,10,9,4,4490,47,10,14,4,449000,4700,1000,1400,400,18,12,0,0,0,0,0,7,0,0,0,0,"(10000, 10, 2, 1, 3, 0, 0.15, 7, 3, 0, 0.5, 4, 4, 0, 0.07, 4.1, 1, 0, 0.75, 1, 2, 0, 0.1, 1, 2.8, 0, 0.15, 3, 3, 0, 0.25, 4.9, 2.2, 0, 0.11, 3.3, 3.1, 0, 0.11, 3, 2, 0, 0.001, 5, 3, 0, 0.001, 7, 3, 0, 0.01, 7, 1, 0, 0.001, 4, 2, 0, 0.001, 5, 2, 0, 0.25, 0.016, 0, 0.02, 0.02, 0.001, 0.001, 0.005, 0.1, 2000, 0.1, 3000, 0.1, 100, 0.1, 20)",4,2020-04-17,0.076923077,0,0.125
Alberta,18-04-2020,2562,1162,51,1349,126,4092,96897,2020-04-18,4410000,21972.10884,580.952381,11.56462585,59,10000,99,9953,7,30,10,9,4,4589,47,10,14,4,458900,4700,1000,1400,400,18,12,0,0,0,0,0,7,0,0,0,0,"(10000, 10, 2, 1, 3, 0, 0.15, 7, 3, 0, 0.5, 4, 4, 0, 0.07, 4.1, 1, 0, 0.75, 1, 2, 0, 0.1, 1, 2.8, 0, 0.15, 3, 3, 0, 0.25, 4.9, 2.2, 0, 0.11, 3.3, 3.1, 0, 0.11, 3, 2, 0, 0.001, 5, 3, 0, 0.001, 7, 3, 0, 0.01, 7, 1, 0, 0.001, 4, 2, 0, 0.001, 5, 2, 0, 0.25, 0.016, 0, 0.02, 0.02, 0.001, 0.001, 0.005, 0.1, 2000, 0.1, 3000, 0.1, 100, 0.1, 20)",4,2020-04-18,0,0,0
Alberta,19-04-2020,2803,1198,55,1550,201,4426,101323,2020-04-19,4410000,22975.73696,635.600907,12.47165533,60,10000,109,9953,7,30,10,9,4,4698,47,10,14,4,469800,4700,1000,1400,400,18,12,0,0,0,0,0,7,0,0,0,0,"(10000, 10, 2, 1, 3, 0, 0.15, 7, 3, 0, 0.5, 4, 4, 0, 0.07, 4.1, 1, 0, 0.75, 1, 2, 0, 0.1, 1, 2.8, 0, 0.15, 3, 3, 0, 0.25, 4.9, 2.2, 0, 0.11, 3.3, 3.1, 0, 0.11, 3, 2, 0, 0.001, 5, 3, 0, 0.001, 7, 3, 0, 0.01, 7, 1, 0, 0.001, 4, 2, 0, 0.001, 5, 2, 0, 0.25, 0.016, 0, 0.02, 0.02, 0.001, 0.001, 0.005, 0.1, 2000, 0.1, 3000, 0.1, 100, 0.1, 20)",4,2020-04-19,0,0,0
Alberta,20-04-2020,2908,1230,59,1619,69,3994,105317,2020-04-20,4410000,23881.4059,659.4104308,13.37868481,61,10000,93,9953,7,30,10,10,4,4791,47,10,15,4,479100,4700,1000,1500,400,18,12,0,0,0,0,0,7,0,0,0,0,"(10000, 10, 2, 1, 3, 0, 0.15, 7, 3, 0, 0.5, 4, 4, 0, 0.07, 4.1, 1, 0, 0.75, 1, 2, 0, 0.1, 1, 2.8, 0, 0.15, 3, 3, 0, 0.25, 4.9, 2.2, 0, 0.11, 3.3, 3.1, 0, 0.11, 3, 2, 0, 0.001, 5, 3, 0, 0.001, 7, 3, 0, 0.01, 7, 1, 0, 0.001, 4, 2, 0, 0.001, 5, 2, 0, 0.25, 0.016, 0, 0.02, 0.02, 0.001, 0.001, 0.005, 0.1, 2000, 0.1, 3000, 0.1, 100, 0.1, 20)",4,2020-04-20,0.071428571,0,0.111111111
Alberta,21-04-2020,3095,1273,61,1761,142,3698,109015,2020-04-21,4410000,24719.95465,701.814059,13.83219955,62,10000,100,9953,7,30,10,10,4,4891,47,10,15,4,489100,4700,1000,1500,400,18,12,0,0,0,0,0,7,0,0,0,0,"(10000, 10, 2, 1, 3, 0, 0.15, 7, 3, 0, 0.5, 4, 4, 0, 0.07, 4.1, 1, 0, 0.75, 1, 2, 0, 0.1, 1, 2.8, 0, 0.15, 3, 3, 0, 0.25, 4.9, 2.2, 0, 0.11, 3.3, 3.1, 0, 0.11, 3, 2, 0, 0.001, 5, 3, 0, 0.001, 7, 3, 0, 0.01, 7, 1, 0, 0.001, 4, 2, 0, 0.001, 5, 2, 0, 0.25, 0.016, 0, 0.02, 0.02, 0.001, 0.001, 0.005, 0.1, 2000, 0.1, 3000, 0.1, 100, 0.1, 20)",4,2020-04-21,0,0,0
Alberta,22-04-2020,3401,1310,66,2025,264,4484,113499,2020-04-22,4410000,25736.73469,771.2018141,14.96598639,63,10000,114,9953,7,30,10,10,4,5005,47,10,15,4,500500,4700,1000,1500,400,18,12,0,0,0,0,0,7,0,0,0,0,"(10000, 10, 2, 1, 3, 0, 0.15, 7, 3, 0, 0.5, 4, 4, 0, 0.07, 4.1, 1, 0, 0.75, 1, 2, 0, 0.1, 1, 2.8, 0, 0.15, 3, 3, 0, 0.25, 4.9, 2.2, 0, 0.11, 3.3, 3.1, 0, 0.11, 3, 2, 0, 0.001, 5, 3, 0, 0.001, 7, 3, 0, 0.01, 7, 1, 0, 0.001, 4, 2, 0, 0.001, 5, 2, 0, 0.25, 0.016, 0, 0.02, 0.02, 0.001, 0.001, 0.005, 0.1, 2000, 0.1, 3000, 0.1, 100, 0.1, 20)",4,2020-04-22,0,0,0
Alberta,23-04-2020,3720,1357,68,2295,270,4336,117835,2020-04-23,4410000,26719.95465,843.537415,15.41950113,64,10000,86,9953,7,30,10,10,4,5091,47,10,15,4,509100,4700,1000,1500,400,18,12,0,0,0,0,0,7,0,0,0,0,"(10000, 10, 2, 1, 3, 0, 0.15, 7, 3, 0, 0.5, 4, 4, 0, 0.07, 4.1, 1, 0, 0.75, 1, 2, 0, 0.1, 1, 2.8, 0, 0.15, 3, 3, 0, 0.25, 4.9, 2.2, 0, 0.11, 3.3, 3.1, 0, 0.11, 3, 2, 0, 0.001, 5, 3, 0, 0.001, 7, 3, 0, 0.01, 7, 1, 0, 0.001, 4, 2, 0, 0.001, 5, 2, 0, 0.25, 0.016, 0, 0.02, 0.02, 0.001, 0.001, 0.005, 0.1, 2000, 0.1, 3000, 0.1, 100, 0.1, 20)",4,2020-04-23,0,0,0
Alberta,24-04-2020,4017,1397,72,2548,253,4612,122447,2020-04-24,4410000,27765.75964,910.8843537,16.32653061,65,10000,87,9953,7,30,10,10,4,5178,47,10,15,4,517800,4700,1000,1500,400,18,12,0,0,0,0,0,7,0,0,0,0,"(10000, 10, 2, 1, 3, 0, 0.15, 7, 3, 0, 0.5, 4, 4, 0, 0.07, 4.1, 1, 0, 0.75, 1, 2, 0, 0.1, 1, 2.8, 0, 0.15, 3, 3, 0, 0.25, 4.9, 2.2, 0, 0.11, 3.3, 3.1, 0, 0.11, 3, 2, 0, 0.001, 5, 3, 0, 0.001, 7, 3, 0, 0.01, 7, 1, 0, 0.001, 4, 2, 0, 0.001, 5, 2, 0, 0.25, 0.016, 0, 0.02, 0.02, 0.001, 0.001, 0.005, 0.1, 2000, 0.1, 3000, 0.1, 100, 0.1, 20)",4,2020-04-24,0,0,0
Alberta,25-04-2020,4232,1471,73,2688,140,4718,127165,2020-04-25,4410000,28835.60091,959.6371882,16.55328798,66,10000,97,9953,7,30,10,10,4,5275,47,10,15,4,527500,4700,1000,1500,400,18,12,0,0,0,0,0,7,0,0,0,0,"(10000, 10, 2, 1, 3, 0, 0.15, 7, 3, 0, 0.5, 4, 4, 0, 0.07, 4.1, 1, 0, 0.75, 1, 2, 0, 0.1, 1, 2.8, 0, 0.15, 3, 3, 0, 0.25, 4.9, 2.2, 0, 0.11, 3.3, 3.1, 0, 0.11, 3, 2, 0, 0.001, 5, 3, 0, 0.001, 7, 3, 0, 0.01, 7, 1, 0, 0.001, 4, 2, 0, 0.001, 5, 2, 0, 0.25, 0.016, 0, 0.02, 0.02, 0.001, 0.001, 0.005, 0.1, 2000, 0.1, 3000, 0.1, 100, 0.1, 20)",4,2020-04-25,0,0,0
Alberta,26-04-2020,4475,1549,73,2853,165,4407,131572,2020-04-26,4410000,29834.92063,1014.739229,16.55328798,67,10000,90,9953,7,30,10,10,4,5365,47,10,15,4,536500,4700,1000,1500,400,18,12,0,0,0,0,0,5,2,0,0,0,"(10000, 10, 2, 1, 3, 0, 0.15, 7, 3, 0, 0.5, 4, 4, 0, 0.07, 4.1, 1, 0, 0.75, 1, 2, 0, 0.1, 1, 2.8, 0, 0.15, 3, 3, 0, 0.25, 4.9, 2.2, 0, 0.11, 3.3, 3.1, 0, 0.11, 3, 2, 0, 0.001, 5, 3, 0, 0.001, 7, 3, 0, 0.01, 7, 1, 0, 0.001, 4, 2, 0, 0.001, 5, 2, 0, 0.25, 0.016, 0, 0.02, 0.02, 0.001, 0.001, 0.005, 0.1, 2000, 0.1, 3000, 0.1, 100, 0.1, 20)",4,2020-04-26,0,0,0
Alberta,27-04-2020,4691,1664,75,2952,99,3870,135442,2020-04-27,4410000,30712.47166,1063.718821,17.00680272,68,10000,98,9953,7,30,10,10,4,5463,47,10,15,4,546300,4700,1000,1500,400,18,12,0,0,0,0,0,5,2,0,0,0,"(10000, 10, 2, 1, 3, 0, 0.15, 7, 3, 0, 0.5, 4, 4, 0, 0.07, 4.1, 1, 0, 0.75, 1, 2, 0, 0.1, 1, 2.8, 0, 0.15, 3, 3, 0, 0.25, 4.9, 2.2, 0, 0.11, 3.3, 3.1, 0, 0.11, 3, 2, 0, 0.001, 5, 3, 0, 0.001, 7, 3, 0, 0.01, 7, 1, 0, 0.001, 4, 2, 0, 0.001, 5, 2, 0, 0.25, 0.016, 0, 0.02, 0.02, 0.001, 0.001, 0.005, 0.1, 2000, 0.1, 3000, 0.1, 100, 0.1, 20)",4,2020-04-27,0,0,0
Alberta,28-04-2020,4850,1800,80,2970,18,3239,138681,2020-04-28,4410000,31446.93878,1099.773243,18.14058957,69,10000,85,9953,7,30,10,10,4,5548,47,10,15,4,554800,4700,1000,1500,400,18,12,0,0,0,0,0,5,2,0,0,0,"(10000, 10, 2, 1, 3, 0, 0.15, 7, 3, 0, 0.5, 4, 4, 0, 0.07, 4.1, 1, 0, 0.75, 1, 2, 0, 0.1, 1, 2.8, 0, 0.15, 3, 3, 0, 0.25, 4.9, 2.2, 0, 0.11, 3.3, 3.1, 0, 0.11, 3, 2, 0, 0.001, 5, 3, 0, 0.001, 7, 3, 0, 0.01, 7, 1, 0, 0.001, 4, 2, 0, 0.001, 5, 2, 0, 0.25, 0.016, 0, 0.02, 0.02, 0.001, 0.001, 0.005, 0.1, 2000, 0.1, 3000, 0.1, 100, 0.1, 20)",4,2020-04-28,0,0,0
Alberta,29-04-2020,5165,1953,87,3125,155,5205,143886,2020-04-29,4410000,32627.21088,1171.201814,19.72789116,70,10000,110,9953,7,30,10,10,4,5658,47,10,15,4,565800,4700,1000,1500,400,18,12,0,0,0,0,0,5,2,0,0,0,"(10000, 10, 2, 1, 3, 0, 0.15, 7, 3, 0, 0.5, 4, 4, 0, 0.07, 4.1, 1, 0, 0.75, 1, 2, 0, 0.1, 1, 2.8, 0, 0.15, 3, 3, 0, 0.25, 4.9, 2.2, 0, 0.11, 3.3, 3.1, 0, 0.11, 3, 2, 0, 0.001, 5, 3, 0, 0.001, 7, 3, 0, 0.01, 7, 1, 0, 0.001, 4, 2, 0, 0.001, 5, 2, 0, 0.25, 0.016, 0, 0.02, 0.02, 0.001, 0.001, 0.005, 0.1, 2000, 0.1, 3000, 0.1, 100, 0.1, 20)",4,2020-04-29,0,0,0
Alberta,30-04-2020,5355,2161,89,3105,-20,5051,148937,2020-04-30,4410000,33772.56236,1214.285714,20.1814059,71,10000,102,9953,7,30,10,10,4,5760,47,10,15,4,576000,4700,1000,1500,400,18,12,0,0,0,0,0,5,2,0,0,0,"(10000, 10, 2, 1, 3, 0, 0.15, 7, 3, 0, 0.5, 4, 4, 0, 0.07, 4.1, 1, 0, 0.75, 1, 2, 0, 0.1, 1, 2.8, 0, 0.15, 3, 3, 0, 0.25, 4.9, 2.2, 0, 0.11, 3.3, 3.1, 0, 0.11, 3, 2, 0, 0.001, 5, 3, 0, 0.001, 7, 3, 0, 0.01, 7, 1, 0, 0.001, 4, 2, 0, 0.001, 5, 2, 0, 0.25, 0.016, 0, 0.02, 0.02, 0.001, 0.001, 0.005, 0.1, 2000, 0.1, 3000, 0.1, 100, 0.1, 20)",4,2020-04-30,0,0,0
Alberta,01-05-2020,5573,2359,92,3122,17,4829,153766,2020-05-01,4410000,34867.5737,1263.718821,20.861678,72,10000,102,9953,7,30,10,11,4,5862,47,10,16,4,586200,4700,1000,1600,400,18,12,0,0,0,0,0,5,2,0,0,0,"(10000, 10, 2, 1, 3, 0, 0.15, 7, 3, 0, 0.5, 4, 4, 0, 0.07, 4.1, 1, 0, 0.75, 1, 2, 0, 0.1, 1, 2.8, 0, 0.15, 3, 3, 0, 0.25, 4.9, 2.2, 0, 0.11, 3.3, 3.1, 0, 0.11, 3, 2, 0, 0.001, 5, 3, 0, 0.001, 7, 3, 0, 0.01, 7, 1, 0, 0.001, 4, 2, 0, 0.001, 5, 2, 0, 0.25, 0.016, 0, 0.02, 0.02, 0.001, 0.001, 0.005, 0.1, 2000, 0.1, 3000, 0.1, 100, 0.1, 20)",4,2020-05-01,0.066666667,0,0.1
Alberta,02-05-2020,5669,2534,94,3041,-81,3751,157517,2020-05-02,4410000,35718.14059,1285.487528,21.31519274,73,10000,101,9953,7,30,10,11,4,5963,47,10,16,4,596300,4700,1000,1600,400,18,12,0,0,0,0,0,5,2,0,0,0,"(10000, 10, 2, 1, 3, 0, 0.15, 7, 3, 0, 0.5, 4, 4, 0, 0.07, 4.1, 1, 0, 0.75, 1, 2, 0, 0.1, 1, 2.8, 0, 0.15, 3, 3, 0, 0.25, 4.9, 2.2, 0, 0.11, 3.3, 3.1, 0, 0.11, 3, 2, 0, 0.001, 5, 3, 0, 0.001, 7, 3, 0, 0.01, 7, 1, 0, 0.001, 4, 2, 0, 0.001, 5, 2, 0, 0.25, 0.016, 0, 0.02, 0.02, 0.001, 0.001, 0.005, 0.1, 2000, 0.1, 3000, 0.1, 100, 0.1, 20)",4,2020-05-02,0,0,0
Alberta,03-05-2020,5762,2713,95,2954,-87,3728,161245,2020-05-03,4410000,36563.49206,1306.575964,21.54195011,74,10000,101,9953,7,30,10,11,4,6064,47,10,16,4,606400,4700,1000,1600,400,18,12,0,0,0,0,0,5,2,0,0,0,"(10000, 10, 2, 1, 3, 0, 0.15, 7, 3, 0, 0.5, 4, 4, 0, 0.07, 4.1, 1, 0, 0.75, 1, 2, 0, 0.1, 1, 2.8, 0, 0.15, 3, 3, 0, 0.25, 4.9, 2.2, 0, 0.11, 3.3, 3.1, 0, 0.11, 3, 2, 0, 0.001, 5, 3, 0, 0.001, 7, 3, 0, 0.01, 7, 1, 0, 0.001, 4, 2, 0, 0.001, 5, 2, 0, 0.25, 0.016, 0, 0.02, 0.02, 0.001, 0.001, 0.005, 0.1, 2000, 0.1, 3000, 0.1, 100, 0.1, 20)",4,2020-05-03,0,0,0
Alberta,04-05-2020,5836,2942,104,2790,-164,3477,164722,2020-05-04,4410000,37351.92744,1323.356009,23.58276644,75,10000,100,9953,7,30,10,11,4,6164,47,10,16,4,616400,4700,1000,1600,400,18,12,0,0,0,0,0,5,2,0,0,0,"(10000, 10, 2, 1, 3, 0, 0.15, 7, 3, 0, 0.5, 4, 4, 0, 0.07, 4.1, 1, 0, 0.75, 1, 2, 0, 0.1, 1, 2.8, 0, 0.15, 3, 3, 0, 0.25, 4.9, 2.2, 0, 0.11, 3.3, 3.1, 0, 0.11, 3, 2, 0, 0.001, 5, 3, 0, 0.001, 7, 3, 0, 0.01, 7, 1, 0, 0.001, 4, 2, 0, 0.001, 5, 2, 0, 0.25, 0.016, 0, 0.02, 0.02, 0.001, 0.001, 0.005, 0.1, 2000, 0.1, 3000, 0.1, 100, 0.1, 20)",4,2020-05-04,0,0,0
Alberta,05-05-2020,5893,3219,106,2568,-222,2293,167015,2020-05-05,4410000,37871.88209,1336.281179,24.03628118,76,10000,107,9953,7,30,10,11,4,6271,47,10,16,4,627100,4700,1000,1600,400,18,12,0,0,0,0,0,5,2,0,0,0,"(10000, 10, 2, 1, 3, 0, 0.15, 7, 3, 0, 0.5, 4, 4, 0, 0.07, 4.1, 1, 0, 0.75, 1, 2, 0, 0.1, 1, 2.8, 0, 0.15, 3, 3, 0, 0.25, 4.9, 2.2, 0, 0.11, 3.3, 3.1, 0, 0.11, 3, 2, 0, 0.001, 5, 3, 0, 0.001, 7, 3, 0, 0.01, 7, 1, 0, 0.001, 4, 2, 0, 0.001, 5, 2, 0, 0.25, 0.016, 0, 0.02, 0.02, 0.001, 0.001, 0.005, 0.1, 2000, 0.1, 3000, 0.1, 100, 0.1, 20)",4,2020-05-05,0,0,0
Alberta,06-05-2020,5963,3552,112,2299,-269,3494,170509,2020-05-06,4410000,38664.17234,1352.154195,25.3968254,77,10000,107,9953,7,30,10,11,4,6378,47,10,16,4,637800,4700,1000,1600,400,18,12,0,0,0,0,0,4,3,0,0,0,"(10000, 10, 2, 1, 3, 0, 0.15, 7, 3, 0, 0.5, 4, 4, 0, 0.07, 4.1, 1, 0, 0.75, 1, 2, 0, 0.1, 1, 2.8, 0, 0.15, 3, 3, 0, 0.25, 4.9, 2.2, 0, 0.11, 3.3, 3.1, 0, 0.11, 3, 2, 0, 0.001, 5, 3, 0, 0.001, 7, 3, 0, 0.01, 7, 1, 0, 0.001, 4, 2, 0, 0.001, 5, 2, 0, 0.25, 0.016, 0, 0.02, 0.02, 0.001, 0.001, 0.005, 0.1, 2000, 0.1, 3000, 0.1, 100, 0.1, 20)",4,2020-05-06,0,0,0
Alberta,07-05-2020,6017,3809,114,2094,-205,3818,174327,2020-05-07,4410000,39529.93197,1364.399093,25.85034014,78,10000,91,9953,7,30,10,11,4,6469,47,10,16,4,646900,4700,1000,1600,400,18,12,0,0,0,0,0,4,3,0,0,0,"(10000, 10, 2, 1, 3, 0, 0.15, 7, 3, 0, 0.5, 4, 4, 0, 0.07, 4.1, 1, 0, 0.75, 1, 2, 0, 0.1, 1, 2.8, 0, 0.15, 3, 3, 0, 0.25, 4.9, 2.2, 0, 0.11, 3.3, 3.1, 0, 0.11, 3, 2, 0, 0.001, 5, 3, 0, 0.001, 7, 3, 0, 0.01, 7, 1, 0, 0.001, 4, 2, 0, 0.001, 5, 2, 0, 0.25, 0.016, 0, 0.02, 0.02, 0.001, 0.001, 0.005, 0.1, 2000, 0.1, 3000, 0.1, 100, 0.1, 20)",4,2020-05-07,0,0,0
Alberta,08-05-2020,6098,4020,115,1963,-131,3232,177559,2020-05-08,4410000,40262.81179,1382.76644,26.07709751,79,10000,96,9953,7,30,10,11,4,6565,47,10,16,4,656500,4700,1000,1600,400,18,12,0,0,0,0,0,4,3,0,0,0,"(10000, 10, 2, 1, 3, 0, 0.15, 7, 3, 0, 0.5, 4, 4, 0, 0.07, 4.1, 1, 0, 0.75, 1, 2, 0, 0.1, 1, 2.8, 0, 0.15, 3, 3, 0, 0.25, 4.9, 2.2, 0, 0.11, 3.3, 3.1, 0, 0.11, 3, 2, 0, 0.001, 5, 3, 0, 0.001, 7, 3, 0, 0.01, 7, 1, 0, 0.001, 4, 2, 0, 0.001, 5, 2, 0, 0.25, 0.016, 0, 0.02, 0.02, 0.001, 0.001, 0.005, 0.1, 2000, 0.1, 3000, 0.1, 100, 0.1, 20)",4,2020-05-08,0,0,0
Alberta,09-05-2020,6157,4204,116,1837,-126,3548,181107,2020-05-09,4410000,41067.34694,1396.145125,26.30385488,80,10000,111,9953,7,30,10,12,4,6676,47,10,17,4,667600,4700,1000,1700,400,18,12,0,0,0,0,0,4,3,0,0,0,"(10000, 10, 2, 1, 3, 0, 0.15, 7, 3, 0, 0.5, 4, 4, 0, 0.07, 4.1, 1, 0, 0.75, 1, 2, 0, 0.1, 1, 2.8, 0, 0.15, 3, 3, 0, 0.25, 4.9, 2.2, 0, 0.11, 3.3, 3.1, 0, 0.11, 3, 2, 0, 0.001, 5, 3, 0, 0.001, 7, 3, 0, 0.01, 7, 1, 0, 0.001, 4, 2, 0, 0.001, 5, 2, 0, 0.25, 0.016, 0, 0.02, 0.02, 0.001, 0.001, 0.005, 0.1, 2000, 0.1, 3000, 0.1, 100, 0.1, 20)",4,2020-05-09,0.0625,0,0.090909091
Alberta,10-05-2020,6253,4389,117,1747,-90,4186,185293,2020-05-10,4410000,42016.55329,1417.913832,26.53061224,81,10000,96,9953,7,30,10,12,4,6772,47,10,17,4,677200,4700,1000,1700,400,18,12,0,0,0,0,0,4,3,0,0,0,"(10000, 10, 2, 1, 3, 0, 0.15, 7, 3, 0, 0.5, 4, 4, 0, 0.07, 4.1, 1, 0, 0.75, 1, 2, 0, 0.1, 1, 2.8, 0, 0.15, 3, 3, 0, 0.25, 4.9, 2.2, 0, 0.11, 3.3, 3.1, 0, 0.11, 3, 2, 0, 0.001, 5, 3, 0, 0.001, 7, 3, 0, 0.01, 7, 1, 0, 0.001, 4, 2, 0, 0.001, 5, 2, 0, 0.25, 0.016, 0, 0.02, 0.02, 0.001, 0.001, 0.005, 0.1, 2000, 0.1, 3000, 0.1, 100, 0.1, 20)",4,2020-05-10,0,0,0
Alberta,11-05-2020,6300,4659,117,1524,-223,2864,188157,2020-05-11,4410000,42665.98639,1428.571429,26.53061224,82,10000,84,9953,7,30,10,12,4,6856,47,10,17,4,685600,4700,1000,1700,400,18,12,0,0,0,0,0,4,3,0,0,0,"(10000, 10, 2, 1, 3, 0, 0.15, 7, 3, 0, 0.5, 4, 4, 0, 0.07, 4.1, 1, 0, 0.75, 1, 2, 0, 0.1, 1, 2.8, 0, 0.15, 3, 3, 0, 0.25, 4.9, 2.2, 0, 0.11, 3.3, 3.1, 0, 0.11, 3, 2, 0, 0.001, 5, 3, 0, 0.001, 7, 3, 0, 0.01, 7, 1, 0, 0.001, 4, 2, 0, 0.001, 5, 2, 0, 0.25, 0.016, 0, 0.02, 0.02, 0.001, 0.001, 0.005, 0.1, 2000, 0.1, 3000, 0.1, 100, 0.1, 20)",4,2020-05-11,0,0,0
Alberta,12-05-2020,6345,4866,118,1361,-163,3173,191330,2020-05-12,4410000,43385.48753,1438.77551,26.75736961,83,10000,96,9953,7,30,10,12,4,6952,47,10,17,4,695200,4700,1000,1700,400,18,12,0,0,0,0,0,4,3,0,0,0,"(10000, 10, 2, 1, 3, 0, 0.15, 7, 3, 0, 0.5, 4, 4, 0, 0.07, 4.1, 1, 0, 0.75, 1, 2, 0, 0.1, 1, 2.8, 0, 0.15, 3, 3, 0, 0.25, 4.9, 2.2, 0, 0.11, 3.3, 3.1, 0, 0.11, 3, 2, 0, 0.001, 5, 3, 0, 0.001, 7, 3, 0, 0.01, 7, 1, 0, 0.001, 4, 2, 0, 0.001, 5, 2, 0, 0.25, 0.016, 0, 0.02, 0.02, 0.001, 0.001, 0.005, 0.1, 2000, 0.1, 3000, 0.1, 100, 0.1, 20)",4,2020-05-12,0,0,0
Alberta,13-05-2020,6407,5076,120,1211,-150,4072,195402,2020-05-13,4410000,44308.84354,1452.834467,27.21088435,84,10000,105,9953,7,30,10,12,4,7057,47,10,17,4,705700,4700,1000,1700,400,18,12,0,0,0,0,0,4,2,1,0,0,"(10000, 10, 2, 1, 3, 0, 0.15, 7, 3, 0, 0.5, 4, 4, 0, 0.07, 4.1, 1, 0, 0.75, 1, 2, 0, 0.1, 1, 2.8, 0, 0.15, 3, 3, 0, 0.25, 4.9, 2.2, 0, 0.11, 3.3, 3.1, 0, 0.11, 3, 2, 0, 0.001, 5, 3, 0, 0.001, 7, 3, 0, 0.01, 7, 1, 0, 0.001, 4, 2, 0, 0.001, 5, 2, 0, 0.25, 0.016, 0, 0.02, 0.02, 0.001, 0.001, 0.005, 0.1, 2000, 0.1, 3000, 0.1, 100, 0.1, 20)",4,2020-05-13,0,0,0
Alberta,14-05-2020,6457,5205,121,1131,-80,4816,200218,2020-05-14,4410000,45400.90703,1464.172336,27.43764172,85,10000,97,9953,7,30,10,12,4,7154,47,10,17,4,715400,4700,1000,1700,400,18,12,0,0,0,0,0,4,2,1,1,0,"(10000, 10, 2, 1, 3, 0, 0.15, 7, 3, 0, 0.5, 4, 4, 0, 0.07, 4.1, 1, 0, 0.75, 1, 2, 0, 0.1, 1, 2.8, 0, 0.15, 3, 3, 0, 0.25, 4.9, 2.2, 0, 0.11, 3.3, 3.1, 0, 0.11, 3, 2, 0, 0.001, 5, 3, 0, 0.001, 7, 3, 0, 0.01, 7, 1, 0, 0.001, 4, 2, 0, 0.001, 5, 2, 0, 0.25, 0.016, 0, 0.02, 0.02, 0.001, 0.001, 0.005, 0.1, 2000, 0.1, 3000, 0.1, 100, 0.1, 20)",4,2020-05-14,0,0,0
Alberta,15-05-2020,6515,5317,125,1073,-58,4505,204723,2020-05-15,4410000,46422.44898,1477.324263,28.3446712,86,10000,104,9953,7,30,10,12,4,7258,47,10,17,4,725800,4700,1000,1700,400,18,12,0,0,0,0,0,4,2,1,1,0,"(10000, 10, 2, 1, 3, 0, 0.15, 7, 3, 0, 0.5, 4, 4, 0, 0.07, 4.1, 1, 0, 0.75, 1, 2, 0, 0.1, 1, 2.8, 0, 0.15, 3, 3, 0, 0.25, 4.9, 2.2, 0, 0.11, 3.3, 3.1, 0, 0.11, 3, 2, 0, 0.001, 5, 3, 0, 0.001, 7, 3, 0, 0.01, 7, 1, 0, 0.001, 4, 2, 0, 0.001, 5, 2, 0, 0.25, 0.016, 0, 0.02, 0.02, 0.001, 0.001, 0.005, 0.1, 2000, 0.1, 3000, 0.1, 100, 0.1, 20)",4,2020-05-15,0,0,0
Alberta,16-05-2020,6587,5377,126,1084,11,4594,209317,2020-05-16,4410000,47464.17234,1493.650794,28.57142857,87,10000,98,9953,7,30,10,12,4,7356,47,10,17,4,735600,4700,1000,1700,400,18,12,0,0,0,0,0,4,2,1,1,0,"(10000, 10, 2, 1, 3, 0, 0.15, 7, 3, 0, 0.5, 4, 4, 0, 0.07, 4.1, 1, 0, 0.75, 1, 2, 0, 0.1, 1, 2.8, 0, 0.15, 3, 3, 0, 0.25, 4.9, 2.2, 0, 0.11, 3.3, 3.1, 0, 0.11, 3, 2, 0, 0.001, 5, 3, 0, 0.001, 7, 3, 0, 0.01, 7, 1, 0, 0.001, 4, 2, 0, 0.001, 5, 2, 0, 0.25, 0.016, 0, 0.02, 0.02, 0.001, 0.001, 0.005, 0.1, 2000, 0.1, 3000, 0.1, 100, 0.1, 20)",4,2020-05-16,0,0,0
Alberta,17-05-2020,6644,5453,127,1064,-20,3761,213078,2020-05-17,4410000,48317.0068,1506.575964,28.79818594,88,10000,99,9953,7,30,10,12,4,7455,47,10,17,4,745500,4700,1000,1700,400,18,12,0,0,0,0,0,4,2,1,1,0,"(10000, 10, 2, 1, 3, 0, 0.15, 7, 3, 0, 0.5, 4, 4, 0, 0.07, 4.1, 1, 0, 0.75, 1, 2, 0, 0.1, 1, 2.8, 0, 0.15, 3, 3, 0, 0.25, 4.9, 2.2, 0, 0.11, 3.3, 3.1, 0, 0.11, 3, 2, 0, 0.001, 5, 3, 0, 0.001, 7, 3, 0, 0.01, 7, 1, 0, 0.001, 4, 2, 0, 0.001, 5, 2, 0, 0.25, 0.016, 0, 0.02, 0.02, 0.001, 0.001, 0.005, 0.1, 2000, 0.1, 3000, 0.1, 100, 0.1, 20)",4,2020-05-17,0,0,0
Alberta,18-05-2020,6683,5519,128,1036,-28,3458,216536,2020-05-18,4410000,49101.13379,1515.419501,29.02494331,89,10000,87,9953,7,30,10,12,4,7542,47,10,17,4,754200,4700,1000,1700,400,18,12,0,0,0,0,0,4,2,1,1,0,"(10000, 10, 2, 1, 3, 0, 0.15, 7, 3, 0, 0.5, 4, 4, 0, 0.07, 4.1, 1, 0, 0.75, 1, 2, 0, 0.1, 1, 2.8, 0, 0.15, 3, 3, 0, 0.25, 4.9, 2.2, 0, 0.11, 3.3, 3.1, 0, 0.11, 3, 2, 0, 0.001, 5, 3, 0, 0.001, 7, 3, 0, 0.01, 7, 1, 0, 0.001, 4, 2, 0, 0.001, 5, 2, 0, 0.25, 0.016, 0, 0.02, 0.02, 0.001, 0.001, 0.005, 0.1, 2000, 0.1, 3000, 0.1, 100, 0.1, 20)",4,2020-05-18,0,0,0
Alberta,19-05-2020,6716,5584,128,1004,-32,2428,218964,2020-05-19,4410000,49651.70068,1522.902494,29.02494331,90,10000,78,9953,7,30,10,12,4,7620,47,10,17,4,762000,4700,1000,1700,400,18,12,0,0,0,0,0,5,1,1,1,0,"(10000, 10, 2, 1, 3, 0, 0.15, 7, 3, 0, 0.5, 4, 4, 0, 0.07, 4.1, 1, 0, 0.75, 1, 2, 0, 0.1, 1, 2.8, 0, 0.15, 3, 3, 0, 0.25, 4.9, 2.2, 0, 0.11, 3.3, 3.1, 0, 0.11, 3, 2, 0, 0.001, 5, 3, 0, 0.001, 7, 3, 0, 0.01, 7, 1, 0, 0.001, 4, 2, 0, 0.001, 5, 2, 0, 0.25, 0.016, 0, 0.02, 0.02, 0.001, 0.001, 0.005, 0.1, 2000, 0.1, 3000, 0.1, 100, 0.1, 20)",4,2020-05-19,0,0,0
Alberta,20-05-2020,6735,5637,128,970,-34,2607,221571,2020-05-20,4410000,50242.85714,1527.210884,29.02494331,91,10000,82,9953,7,30,10,12,4,7702,47,10,17,4,770200,4700,1000,1700,400,18,12,0,0,0,0,0,5,1,1,1,0,"(10000, 10, 2, 1, 3, 0, 0.15, 7, 3, 0, 0.5, 4, 4, 0, 0.07, 4.1, 1, 0, 0.75, 1, 2, 0, 0.1, 1, 2.8, 0, 0.15, 3, 3, 0, 0.25, 4.9, 2.2, 0, 0.11, 3.3, 3.1, 0, 0.11, 3, 2, 0, 0.001, 5, 3, 0, 0.001, 7, 3, 0, 0.01, 7, 1, 0, 0.001, 4, 2, 0, 0.001, 5, 2, 0, 0.25, 0.016, 0, 0.02, 0.02, 0.001, 0.001, 0.005, 0.1, 2000, 0.1, 3000, 0.1, 100, 0.1, 20)",4,2020-05-20,0,0,0
Alberta,21-05-2020,6768,5710,132,926,-44,4017,225588,2020-05-21,4410000,51153.7415,1534.693878,29.93197279,92,10000,93,9953,7,30,10,12,4,7795,47,10,17,4,779500,4700,1000,1700,400,18,12,0,0,0,0,0,5,1,1,1,0,"(10000, 10, 2, 1, 3, 0, 0.15, 7, 3, 0, 0.5, 4, 4, 0, 0.07, 4.1, 1, 0, 0.75, 1, 2, 0, 0.1, 1, 2.8, 0, 0.15, 3, 3, 0, 0.25, 4.9, 2.2, 0, 0.11, 3.3, 3.1, 0, 0.11, 3, 2, 0, 0.001, 5, 3, 0, 0.001, 7, 3, 0, 0.01, 7, 1, 0, 0.001, 4, 2, 0, 0.001, 5, 2, 0, 0.25, 0.016, 0, 0.02, 0.02, 0.001, 0.001, 0.005, 0.1, 2000, 0.1, 3000, 0.1, 100, 0.1, 20)",4,2020-05-21,0,0,0
Alberta,22-05-2020,6800,5801,134,865,-61,3205,228793,2020-05-22,4410000,51880.49887,1541.950113,30.38548753,93,10000,107,9953,7,30,10,12,4,7902,47,10,17,4,790200,4700,1000,1700,400,18,12,0,0,0,0,0,5,1,1,1,0,"(10000, 10, 2, 1, 3, 0, 0.15, 7, 3, 0, 0.5, 4, 4, 0, 0.07, 4.1, 1, 0, 0.75, 1, 2, 0, 0.1, 1, 2.8, 0, 0.15, 3, 3, 0, 0.25, 4.9, 2.2, 0, 0.11, 3.3, 3.1, 0, 0.11, 3, 2, 0, 0.001, 5, 3, 0, 0.001, 7, 3, 0, 0.01, 7, 1, 0, 0.001, 4, 2, 0, 0.001, 5, 2, 0, 0.25, 0.016, 0, 0.02, 0.02, 0.001, 0.001, 0.005, 0.1, 2000, 0.1, 3000, 0.1, 100, 0.1, 20)",4,2020-05-22,0,0,0
Alberta,23-05-2020,6818,5869,135,814,-51,3981,232774,2020-05-23,4410000,52783.21995,1546.031746,30.6122449,94,10000,86,9953,7,30,10,12,4,7988,47,10,17,4,798800,4700,1000,1700,400,18,12,0,0,0,0,0,5,1,1,1,0,"(10000, 10, 2, 1, 3, 0, 0.15, 7, 3, 0, 0.5, 4, 4, 0, 0.07, 4.1, 1, 0, 0.75, 1, 2, 0, 0.1, 1, 2.8, 0, 0.15, 3, 3, 0, 0.25, 4.9, 2.2, 0, 0.11, 3.3, 3.1, 0, 0.11, 3, 2, 0, 0.001, 5, 3, 0, 0.001, 7, 3, 0, 0.01, 7, 1, 0, 0.001, 4, 2, 0, 0.001, 5, 2, 0, 0.25, 0.016, 0, 0.02, 0.02, 0.001, 0.001, 0.005, 0.1, 2000, 0.1, 3000, 0.1, 100, 0.1, 20)",4,2020-05-23,0,0,0
Alberta,24-05-2020,6860,5924,135,801,-13,4015,236789,2020-05-24,4410000,53693.65079,1555.555556,30.6122449,95,10000,96,9953,7,30,10,12,4,8084,47,10,17,4,808400,4700,1000,1700,400,18,12,0,0,0,0,0,5,1,1,1,0,"(10000, 10, 2, 1, 3, 0, 0.15, 7, 3, 0, 0.5, 4, 4, 0, 0.07, 4.1, 1, 0, 0.75, 1, 2, 0, 0.1, 1, 2.8, 0, 0.15, 3, 3, 0, 0.25, 4.9, 2.2, 0, 0.11, 3.3, 3.1, 0, 0.11, 3, 2, 0, 0.001, 5, 3, 0, 0.001, 7, 3, 0, 0.01, 7, 1, 0, 0.001, 4, 2, 0, 0.001, 5, 2, 0, 0.25, 0.016, 0, 0.02, 0.02, 0.001, 0.001, 0.005, 0.1, 2000, 0.1, 3000, 0.1, 100, 0.1, 20)",4,2020-05-24,0,0,0
Alberta,25-05-2020,6879,5979,138,762,-39,3010,239799,2020-05-25,4410000,54376.19048,1559.863946,31.29251701,96,10000,86,9953,7,30,10,12,4,8170,47,10,17,4,817000,4700,1000,1700,400,18,12,0,0,0,0,0,5,1,1,1,0,"(10000, 10, 2, 1, 3, 0, 0.15, 7, 3, 0, 0.5, 4, 4, 0, 0.07, 4.1, 1, 0, 0.75, 1, 2, 0, 0.1, 1, 2.8, 0, 0.15, 3, 3, 0, 0.25, 4.9, 2.2, 0, 0.11, 3.3, 3.1, 0, 0.11, 3, 2, 0, 0.001, 5, 3, 0, 0.001, 7, 3, 0, 0.01, 7, 1, 0, 0.001, 4, 2, 0, 0.001, 5, 2, 0, 0.25, 0.016, 0, 0.02, 0.02, 0.001, 0.001, 0.005, 0.1, 2000, 0.1, 3000, 0.1, 100, 0.1, 20)",4,2020-05-25,0,0,0
,,6879,,138,,,,,,,,,,97,10000,93,9953,7,30,10,12,4,8263,47,10,17,4,826300,4700,1000,1700,400,18,12,0,0,0,0,0,5,1,1,1,0,"(10000, 10, 2, 1, 3, 0, 0.15, 7, 3, 0, 0.5, 4, 4, 0, 0.07, 4.1, 1, 0, 0.75, 1, 2, 0, 0.1, 1, 2.8, 0, 0.15, 3, 3, 0, 0.25, 4.9, 2.2, 0, 0.11, 3.3, 3.1, 0, 0.11, 3, 2, 0, 0.001, 5, 3, 0, 0.001, 7, 3, 0, 0.01, 7, 1, 0, 0.001, 4, 2, 0, 0.001, 5, 2, 0, 0.25, 0.016, 0, 0.02, 0.02, 0.001, 0.001, 0.005, 0.1, 2000, 0.1, 3000, 0.1, 100, 0.1, 20)",4,2020-05-26,0,0,0
,,6879,,138,,,,,,,,,,98,10000,80,9953,7,30,10,12,4,8343,47,10,17,4,834300,4700,1000,1700,400,18,12,0,0,0,0,0,5,1,1,1,0,"(10000, 10, 2, 1, 3, 0, 0.15, 7, 3, 0, 0.5, 4, 4, 0, 0.07, 4.1, 1, 0, 0.75, 1, 2, 0, 0.1, 1, 2.8, 0, 0.15, 3, 3, 0, 0.25, 4.9, 2.2, 0, 0.11, 3.3, 3.1, 0, 0.11, 3, 2, 0, 0.001, 5, 3, 0, 0.001, 7, 3, 0, 0.01, 7, 1, 0, 0.001, 4, 2, 0, 0.001, 5, 2, 0, 0.25, 0.016, 0, 0.02, 0.02, 0.001, 0.001, 0.005, 0.1, 2000, 0.1, 3000, 0.1, 100, 0.1, 20)",4,2020-05-27,0,0,0
,,7283.647059,,138,,,,,,,,,,99,10000,96,9953,7,30,10,13,4,8439,47,10,18,4,843900,4700,1000,1800,400,18,12,0,0,0,0,0,5,1,1,1,0,"(10000, 10, 2, 1, 3, 0, 0.15, 7, 3, 0, 0.5, 4, 4, 0, 0.07, 4.1, 1, 0, 0.75, 1, 2, 0, 0.1, 1, 2.8, 0, 0.15, 3, 3, 0, 0.25, 4.9, 2.2, 0, 0.11, 3.3, 3.1, 0, 0.11, 3, 2, 0, 0.001, 5, 3, 0, 0.001, 7, 3, 0, 0.01, 7, 1, 0, 0.001, 4, 2, 0, 0.001, 5, 2, 0, 0.25, 0.016, 0, 0.02, 0.02, 0.001, 0.001, 0.005, 0.1, 2000, 0.1, 3000, 0.1, 100, 0.1, 20)",4,2020-05-28,0.058823529,0,0.083333333
,,7283.647059,,138,,,,,,,,,,100,10000,91,9953,7,30,10,13,4,8530,47,10,18,4,853000,4700,1000,1800,400,18,12,0,0,0,0,0,5,1,1,1,0,"(10000, 10, 2, 1, 3, 0, 0.15, 7, 3, 0, 0.5, 4, 4, 0, 0.07, 4.1, 1, 0, 0.75, 1, 2, 0, 0.1, 1, 2.8, 0, 0.15, 3, 3, 0, 0.25, 4.9, 2.2, 0, 0.11, 3.3, 3.1, 0, 0.11, 3, 2, 0, 0.001, 5, 3, 0, 0.001, 7, 3, 0, 0.01, 7, 1, 0, 0.001, 4, 2, 0, 0.001, 5, 2, 0, 0.25, 0.016, 0, 0.02, 0.02, 0.001, 0.001, 0.005, 0.1, 2000, 0.1, 3000, 0.1, 100, 0.1, 20)",4,2020-05-29,0,0,0
,,7283.647059,,138,,,,,,,,,,101,10000,83,9953,7,30,10,13,4,8613,47,10,18,4,861300,4700,1000,1800,400,18,12,0,0,0,0,0,5,1,1,1,0,"(10000, 10, 2, 1, 3, 0, 0.15, 7, 3, 0, 0.5, 4, 4, 0, 0.07, 4.1, 1, 0, 0.75, 1, 2, 0, 0.1, 1, 2.8, 0, 0.15, 3, 3, 0, 0.25, 4.9, 2.2, 0, 0.11, 3.3, 3.1, 0, 0.11, 3, 2, 0, 0.001, 5, 3, 0, 0.001, 7, 3, 0, 0.01, 7, 1, 0, 0.001, 4, 2, 0, 0.001, 5, 2, 0, 0.25, 0.016, 0, 0.02, 0.02, 0.001, 0.001, 0.005, 0.1, 2000, 0.1, 3000, 0.1, 100, 0.1, 20)",4,2020-05-30,0,0,0
,,7688.294118,,138,,,,,,,,,,102,10000,106,9953,7,30,10,14,4,8719,47,10,19,4,871900,4700,1000,1900,400,18,12,0,0,0,0,0,5,1,1,1,0,"(10000, 10, 2, 1, 3, 0, 0.15, 7, 3, 0, 0.5, 4, 4, 0, 0.07, 4.1, 1, 0, 0.75, 1, 2, 0, 0.1, 1, 2.8, 0, 0.15, 3, 3, 0, 0.25, 4.9, 2.2, 0, 0.11, 3.3, 3.1, 0, 0.11, 3, 2, 0, 0.001, 5, 3, 0, 0.001, 7, 3, 0, 0.01, 7, 1, 0, 0.001, 4, 2, 0, 0.001, 5, 2, 0, 0.25, 0.016, 0, 0.02, 0.02, 0.001, 0.001, 0.005, 0.1, 2000, 0.1, 3000, 0.1, 100, 0.1, 20)",4,2020-05-31,0.055555556,0,0.076923077
,,7688.294118,,138,,,,,,,,,,103,10000,106,9953,7,30,10,14,4,8825,47,10,19,4,882500,4700,1000,1900,400,18,12,0,0,0,0,0,5,1,1,1,0,"(10000, 10, 2, 1, 3, 0, 0.15, 7, 3, 0, 0.5, 4, 4, 0, 0.07, 4.1, 1, 0, 0.75, 1, 2, 0, 0.1, 1, 2.8, 0, 0.15, 3, 3, 0, 0.25, 4.9, 2.2, 0, 0.11, 3.3, 3.1, 0, 0.11, 3, 2, 0, 0.001, 5, 3, 0, 0.001, 7, 3, 0, 0.01, 7, 1, 0, 0.001, 4, 2, 0, 0.001, 5, 2, 0, 0.25, 0.016, 0, 0.02, 0.02, 0.001, 0.001, 0.005, 0.1, 2000, 0.1, 3000, 0.1, 100, 0.1, 20)",4,2020-06-01,0,0,0
,,7688.294118,,138,,,,,,,,,,104,10000,110,9953,7,30,10,14,4,8935,47,10,19,4,893500,4700,1000,1900,400,18,12,0,0,0,0,0,5,0,2,1,0,"(10000, 10, 2, 1, 3, 0, 0.15, 7, 3, 0, 0.5, 4, 4, 0, 0.07, 4.1, 1, 0, 0.75, 1, 2, 0, 0.1, 1, 2.8, 0, 0.15, 3, 3, 0, 0.25, 4.9, 2.2, 0, 0.11, 3.3, 3.1, 0, 0.11, 3, 2, 0, 0.001, 5, 3, 0, 0.001, 7, 3, 0, 0.01, 7, 1, 0, 0.001, 4, 2, 0, 0.001, 5, 2, 0, 0.25, 0.016, 0, 0.02, 0.02, 0.001, 0.001, 0.005, 0.1, 2000, 0.1, 3000, 0.1, 100, 0.1, 20)",4,2020-06-02,0,0,0
,,7688.294118,,138,,,,,,,,,,105,10000,88,9953,7,30,10,14,4,9023,47,10,19,4,902300,4700,1000,1900,400,18,12,0,0,0,0,0,5,0,2,2,0,"(10000, 10, 2, 1, 3, 0, 0.15, 7, 3, 0, 0.5, 4, 4, 0, 0.07, 4.1, 1, 0, 0.75, 1, 2, 0, 0.1, 1, 2.8, 0, 0.15, 3, 3, 0, 0.25, 4.9, 2.2, 0, 0.11, 3.3, 3.1, 0, 0.11, 3, 2, 0, 0.001, 5, 3, 0, 0.001, 7, 3, 0, 0.01, 7, 1, 0, 0.001, 4, 2, 0, 0.001, 5, 2, 0, 0.25, 0.016, 0, 0.02, 0.02, 0.001, 0.001, 0.005, 0.1, 2000, 0.1, 3000, 0.1, 100, 0.1, 20)",4,2020-06-03,0,0,0
,,7688.294118,,138,,,,,,,,,,106,10000,98,9953,7,30,10,14,4,9121,47,10,19,4,912100,4700,1000,1900,400,18,12,0,0,0,0,0,5,0,2,2,0,"(10000, 10, 2, 1, 3, 0, 0.15, 7, 3, 0, 0.5, 4, 4, 0, 0.07, 4.1, 1, 0, 0.75, 1, 2, 0, 0.1, 1, 2.8, 0, 0.15, 3, 3, 0, 0.25, 4.9, 2.2, 0, 0.11, 3.3, 3.1, 0, 0.11, 3, 2, 0, 0.001, 5, 3, 0, 0.001, 7, 3, 0, 0.01, 7, 1, 0, 0.001, 4, 2, 0, 0.001, 5, 2, 0, 0.25, 0.016, 0, 0.02, 0.02, 0.001, 0.001, 0.005, 0.1, 2000, 0.1, 3000, 0.1, 100, 0.1, 20)",4,2020-06-04,0,0,0
,,7688.294118,,138,,,,,,,,,,107,10000,97,9953,7,30,10,14,4,9218,47,10,19,4,921800,4700,1000,1900,400,18,12,0,0,0,0,0,5,0,2,2,0,"(10000, 10, 2, 1, 3, 0, 0.15, 7, 3, 0, 0.5, 4, 4, 0, 0.07, 4.1, 1, 0, 0.75, 1, 2, 0, 0.1, 1, 2.8, 0, 0.15, 3, 3, 0, 0.25, 4.9, 2.2, 0, 0.11, 3.3, 3.1, 0, 0.11, 3, 2, 0, 0.001, 5, 3, 0, 0.001, 7, 3, 0, 0.01, 7, 1, 0, 0.001, 4, 2, 0, 0.001, 5, 2, 0, 0.25, 0.016, 0, 0.02, 0.02, 0.001, 0.001, 0.005, 0.1, 2000, 0.1, 3000, 0.1, 100, 0.1, 20)",4,2020-06-05,0,0,0
,,7688.294118,,138,,,,,,,,,,108,10000,89,9953,7,30,10,14,4,9307,47,10,19,4,930700,4700,1000,1900,400,18,12,0,0,0,0,0,5,0,2,2,0,"(10000, 10, 2, 1, 3, 0, 0.15, 7, 3, 0, 0.5, 4, 4, 0, 0.07, 4.1, 1, 0, 0.75, 1, 2, 0, 0.1, 1, 2.8, 0, 0.15, 3, 3, 0, 0.25, 4.9, 2.2, 0, 0.11, 3.3, 3.1, 0, 0.11, 3, 2, 0, 0.001, 5, 3, 0, 0.001, 7, 3, 0, 0.01, 7, 1, 0, 0.001, 4, 2, 0, 0.001, 5, 2, 0, 0.25, 0.016, 0, 0.02, 0.02, 0.001, 0.001, 0.005, 0.1, 2000, 0.1, 3000, 0.1, 100, 0.1, 20)",4,2020-06-06,0,0,0
,,8092.941176,,138,,,,,,,,,,109,10000,96,9953,7,30,10,15,4,9403,47,10,20,4,940300,4700,1000,2000,400,18,12,0,0,0,0,0,4,1,2,2,0,"(10000, 10, 2, 1, 3, 0, 0.15, 7, 3, 0, 0.5, 4, 4, 0, 0.07, 4.1, 1, 0, 0.75, 1, 2, 0, 0.1, 1, 2.8, 0, 0.15, 3, 3, 0, 0.25, 4.9, 2.2, 0, 0.11, 3.3, 3.1, 0, 0.11, 3, 2, 0, 0.001, 5, 3, 0, 0.001, 7, 3, 0, 0.01, 7, 1, 0, 0.001, 4, 2, 0, 0.001, 5, 2, 0, 0.25, 0.016, 0, 0.02, 0.02, 0.001, 0.001, 0.005, 0.1, 2000, 0.1, 3000, 0.1, 100, 0.1, 20)",4,2020-06-07,0.052631579,0,0.071428571
,,8092.941176,,138,,,,,,,,,,110,10000,80,9953,7,30,10,15,4,9483,47,10,20,4,948300,4700,1000,2000,400,18,12,0,0,0,0,0,4,1,2,2,0,"(10000, 10, 2, 1, 3, 0, 0.15, 7, 3, 0, 0.5, 4, 4, 0, 0.07, 4.1, 1, 0, 0.75, 1, 2, 0, 0.1, 1, 2.8, 0, 0.15, 3, 3, 0, 0.25, 4.9, 2.2, 0, 0.11, 3.3, 3.1, 0, 0.11, 3, 2, 0, 0.001, 5, 3, 0, 0.001, 7, 3, 0, 0.01, 7, 1, 0, 0.001, 4, 2, 0, 0.001, 5, 2, 0, 0.25, 0.016, 0, 0.02, 0.02, 0.001, 0.001, 0.005, 0.1, 2000, 0.1, 3000, 0.1, 100, 0.1, 20)",4,2020-06-08,0,0,0
,,8497.588235,,138,,,,,,,,,,111,10000,90,9953,7,30,10,16,4,9573,47,10,21,4,957300,4700,1000,2100,400,18,12,0,0,0,0,0,4,1,2,2,0,"(10000, 10, 2, 1, 3, 0, 0.15, 7, 3, 0, 0.5, 4, 4, 0, 0.07, 4.1, 1, 0, 0.75, 1, 2, 0, 0.1, 1, 2.8, 0, 0.15, 3, 3, 0, 0.25, 4.9, 2.2, 0, 0.11, 3.3, 3.1, 0, 0.11, 3, 2, 0, 0.001, 5, 3, 0, 0.001, 7, 3, 0, 0.01, 7, 1, 0, 0.001, 4, 2, 0, 0.001, 5, 2, 0, 0.25, 0.016, 0, 0.02, 0.02, 0.001, 0.001, 0.005, 0.1, 2000, 0.1, 3000, 0.1, 100, 0.1, 20)",4,2020-06-09,0.05,0,0.066666667
,,8497.588235,,138,,,,,,,,,,112,10000,109,9953,7,30,10,16,4,9682,47,10,21,4,968200,4700,1000,2100,400,18,12,0,0,0,0,0,4,1,2,2,0,"(10000, 10, 2, 1, 3, 0, 0.15, 7, 3, 0, 0.5, 4, 4, 0, 0.07, 4.1, 1, 0, 0.75, 1, 2, 0, 0.1, 1, 2.8, 0, 0.15, 3, 3, 0, 0.25, 4.9, 2.2, 0, 0.11, 3.3, 3.1, 0, 0.11, 3, 2, 0, 0.001, 5, 3, 0, 0.001, 7, 3, 0, 0.01, 7, 1, 0, 0.001, 4, 2, 0, 0.001, 5, 2, 0, 0.25, 0.016, 0, 0.02, 0.02, 0.001, 0.001, 0.005, 0.1, 2000, 0.1, 3000, 0.1, 100, 0.1, 20)",4,2020-06-10,0,0,0
,,8497.588235,,138,,,,,,,,,,113,10000,102,9953,7,30,10,16,4,9784,47,10,21,4,978400,4700,1000,2100,400,18,12,0,0,0,0,0,4,1,2,2,0,"(10000, 10, 2, 1, 3, 0, 0.15, 7, 3, 0, 0.5, 4, 4, 0, 0.07, 4.1, 1, 0, 0.75, 1, 2, 0, 0.1, 1, 2.8, 0, 0.15, 3, 3, 0, 0.25, 4.9, 2.2, 0, 0.11, 3.3, 3.1, 0, 0.11, 3, 2, 0, 0.001, 5, 3, 0, 0.001, 7, 3, 0, 0.01, 7, 1, 0, 0.001, 4, 2, 0, 0.001, 5, 2, 0, 0.25, 0.016, 0, 0.02, 0.02, 0.001, 0.001, 0.005, 0.1, 2000, 0.1, 3000, 0.1, 100, 0.1, 20)",4,2020-06-11,0,0,0
,,8497.588235,,138,,,,,,,,,,114,10000,97,9953,7,30,10,16,4,9881,47,10,21,4,988100,4700,1000,2100,400,18,12,0,0,0,0,0,4,1,2,2,0,"(10000, 10, 2, 1, 3, 0, 0.15, 7, 3, 0, 0.5, 4, 4, 0, 0.07, 4.1, 1, 0, 0.75, 1, 2, 0, 0.1, 1, 2.8, 0, 0.15, 3, 3, 0, 0.25, 4.9, 2.2, 0, 0.11, 3.3, 3.1, 0, 0.11, 3, 2, 0, 0.001, 5, 3, 0, 0.001, 7, 3, 0, 0.01, 7, 1, 0, 0.001, 4, 2, 0, 0.001, 5, 2, 0, 0.25, 0.016, 0, 0.02, 0.02, 0.001, 0.001, 0.005, 0.1, 2000, 0.1, 3000, 0.1, 100, 0.1, 20)",4,2020-06-12,0,0,0
,,8497.588235,,138,,,,,,,,,,115,10000,95,9953,7,30,10,16,4,9976,47,10,21,4,997600,4700,1000,2100,400,18,12,0,0,0,0,0,4,1,2,2,0,"(10000, 10, 2, 1, 3, 0, 0.15, 7, 3, 0, 0.5, 4, 4, 0, 0.07, 4.1, 1, 0, 0.75, 1, 2, 0, 0.1, 1, 2.8, 0, 0.15, 3, 3, 0, 0.25, 4.9, 2.2, 0, 0.11, 3.3, 3.1, 0, 0.11, 3, 2, 0, 0.001, 5, 3, 0, 0.001, 7, 3, 0, 0.01, 7, 1, 0, 0.001, 4, 2, 0, 0.001, 5, 2, 0, 0.25, 0.016, 0, 0.02, 0.02, 0.001, 0.001, 0.005, 0.1, 2000, 0.1, 3000, 0.1, 100, 0.1, 20)",4,2020-06-13,0,0,0
,,8497.588235,,138,,,,,,,,,,116,10000,106,9953,7,30,10,16,4,10082,47,10,21,4,1008200,4700,1000,2100,400,18,12,0,0,0,0,0,4,1,2,2,0,"(10000, 10, 2, 1, 3, 0, 0.15, 7, 3, 0, 0.5, 4, 4, 0, 0.07, 4.1, 1, 0, 0.75, 1, 2, 0, 0.1, 1, 2.8, 0, 0.15, 3, 3, 0, 0.25, 4.9, 2.2, 0, 0.11, 3.3, 3.1, 0, 0.11, 3, 2, 0, 0.001, 5, 3, 0, 0.001, 7, 3, 0, 0.01, 7, 1, 0, 0.001, 4, 2, 0, 0.001, 5, 2, 0, 0.25, 0.016, 0, 0.02, 0.02, 0.001, 0.001, 0.005, 0.1, 2000, 0.1, 3000, 0.1, 100, 0.1, 20)",4,2020-06-14,0,0,0
,,8497.588235,,138,,,,,,,,,,117,10000,97,9953,7,30,10,16,4,10179,47,10,21,4,1017900,4700,1000,2100,400,18,12,0,0,0,0,0,4,1,2,2,0,"(10000, 10, 2, 1, 3, 0, 0.15, 7, 3, 0, 0.5, 4, 4, 0, 0.07, 4.1, 1, 0, 0.75, 1, 2, 0, 0.1, 1, 2.8, 0, 0.15, 3, 3, 0, 0.25, 4.9, 2.2, 0, 0.11, 3.3, 3.1, 0, 0.11, 3, 2, 0, 0.001, 5, 3, 0, 0.001, 7, 3, 0, 0.01, 7, 1, 0, 0.001, 4, 2, 0, 0.001, 5, 2, 0, 0.25, 0.016, 0, 0.02, 0.02, 0.001, 0.001, 0.005, 0.1, 2000, 0.1, 3000, 0.1, 100, 0.1, 20)",4,2020-06-15,0,0,0
,,8902.235294,,138,,,,,,,,,,118,10000,118,9953,7,30,10,17,4,10297,47,10,22,4,1029700,4700,1000,2200,400,18,12,0,0,0,0,0,4,1,2,2,0,"(10000, 10, 2, 1, 3, 0, 0.15, 7, 3, 0, 0.5, 4, 4, 0, 0.07, 4.1, 1, 0, 0.75, 1, 2, 0, 0.1, 1, 2.8, 0, 0.15, 3, 3, 0, 0.25, 4.9, 2.2, 0, 0.11, 3.3, 3.1, 0, 0.11, 3, 2, 0, 0.001, 5, 3, 0, 0.001, 7, 3, 0, 0.01, 7, 1, 0, 0.001, 4, 2, 0, 0.001, 5, 2, 0, 0.25, 0.016, 0, 0.02, 0.02, 0.001, 0.001, 0.005, 0.1, 2000, 0.1, 3000, 0.1, 100, 0.1, 20)",4,2020-06-16,0.047619048,0,0.0625
,,8902.235294,,138,,,,,,,,,,119,10000,107,9953,7,30,10,17,4,10404,47,10,22,4,1040400,4700,1000,2200,400,18,12,0,0,0,0,0,4,1,2,2,0,"(10000, 10, 2, 1, 3, 0, 0.15, 7, 3, 0, 0.5, 4, 4, 0, 0.07, 4.1, 1, 0, 0.75, 1, 2, 0, 0.1, 1, 2.8, 0, 0.15, 3, 3, 0, 0.25, 4.9, 2.2, 0, 0.11, 3.3, 3.1, 0, 0.11, 3, 2, 0, 0.001, 5, 3, 0, 0.001, 7, 3, 0, 0.01, 7, 1, 0, 0.001, 4, 2, 0, 0.001, 5, 2, 0, 0.25, 0.016, 0, 0.02, 0.02, 0.001, 0.001, 0.005, 0.1, 2000, 0.1, 3000, 0.1, 100, 0.1, 20)",4,2020-06-17,0,0,0
,,8902.235294,,138,,,,,,,,,,120,10000,87,9953,7,30,10,17,4,10491,47,10,22,4,1049100,4700,1000,2200,400,18,12,0,0,0,0,0,4,1,2,2,0,"(10000, 10, 2, 1, 3, 0, 0.15, 7, 3, 0, 0.5, 4, 4, 0, 0.07, 4.1, 1, 0, 0.75, 1, 2, 0, 0.1, 1, 2.8, 0, 0.15, 3, 3, 0, 0.25, 4.9, 2.2, 0, 0.11, 3.3, 3.1, 0, 0.11, 3, 2, 0, 0.001, 5, 3, 0, 0.001, 7, 3, 0, 0.01, 7, 1, 0, 0.001, 4, 2, 0, 0.001, 5, 2, 0, 0.25, 0.016, 0, 0.02, 0.02, 0.001, 0.001, 0.005, 0.1, 2000, 0.1, 3000, 0.1, 100, 0.1, 20)",4,2020-06-18,0,0,0
,,8902.235294,,138,,,,,,,,,,121,10000,103,9953,7,30,10,17,4,10594,47,10,22,4,1059400,4700,1000,2200,400,18,12,0,0,0,0,0,4,1,2,2,0,"(10000, 10, 2, 1, 3, 0, 0.15, 7, 3, 0, 0.5, 4, 4, 0, 0.07, 4.1, 1, 0, 0.75, 1, 2, 0, 0.1, 1, 2.8, 0, 0.15, 3, 3, 0, 0.25, 4.9, 2.2, 0, 0.11, 3.3, 3.1, 0, 0.11, 3, 2, 0, 0.001, 5, 3, 0, 0.001, 7, 3, 0, 0.01, 7, 1, 0, 0.001, 4, 2, 0, 0.001, 5, 2, 0, 0.25, 0.016, 0, 0.02, 0.02, 0.001, 0.001, 0.005, 0.1, 2000, 0.1, 3000, 0.1, 100, 0.1, 20)",4,2020-06-19,0,0,0
,,8902.235294,,138,,,,,,,,,,122,10000,93,9953,7,30,10,17,4,10687,47,10,22,4,1068700,4700,1000,2200,400,18,12,0,0,0,0,0,4,1,2,2,0,"(10000, 10, 2, 1, 3, 0, 0.15, 7, 3, 0, 0.5, 4, 4, 0, 0.07, 4.1, 1, 0, 0.75, 1, 2, 0, 0.1, 1, 2.8, 0, 0.15, 3, 3, 0, 0.25, 4.9, 2.2, 0, 0.11, 3.3, 3.1, 0, 0.11, 3, 2, 0, 0.001, 5, 3, 0, 0.001, 7, 3, 0, 0.01, 7, 1, 0, 0.001, 4, 2, 0, 0.001, 5, 2, 0, 0.25, 0.016, 0, 0.02, 0.02, 0.001, 0.001, 0.005, 0.1, 2000, 0.1, 3000, 0.1, 100, 0.1, 20)",4,2020-06-20,0,0,0
,,8902.235294,,138,,,,,,,,,,123,10000,103,9953,7,30,10,17,4,10790,47,10,22,4,1079000,4700,1000,2200,400,18,12,0,0,0,0,0,4,1,2,2,0,"(10000, 10, 2, 1, 3, 0, 0.15, 7, 3, 0, 0.5, 4, 4, 0, 0.07, 4.1, 1, 0, 0.75, 1, 2, 0, 0.1, 1, 2.8, 0, 0.15, 3, 3, 0, 0.25, 4.9, 2.2, 0, 0.11, 3.3, 3.1, 0, 0.11, 3, 2, 0, 0.001, 5, 3, 0, 0.001, 7, 3, 0, 0.01, 7, 1, 0, 0.001, 4, 2, 0, 0.001, 5, 2, 0, 0.25, 0.016, 0, 0.02, 0.02, 0.001, 0.001, 0.005, 0.1, 2000, 0.1, 3000, 0.1, 100, 0.1, 20)",4,2020-06-21,0,0,0
,,9306.882353,,138,,,,,,,,,,124,10000,97,9953,7,30,10,18,4,10887,47,10,23,4,1088700,4700,1000,2300,400,18,12,0,0,0,0,0,4,1,2,2,0,"(10000, 10, 2, 1, 3, 0, 0.15, 7, 3, 0, 0.5, 4, 4, 0, 0.07, 4.1, 1, 0, 0.75, 1, 2, 0, 0.1, 1, 2.8, 0, 0.15, 3, 3, 0, 0.25, 4.9, 2.2, 0, 0.11, 3.3, 3.1, 0, 0.11, 3, 2, 0, 0.001, 5, 3, 0, 0.001, 7, 3, 0, 0.01, 7, 1, 0, 0.001, 4, 2, 0, 0.001, 5, 2, 0, 0.25, 0.016, 0, 0.02, 0.02, 0.001, 0.001, 0.005, 0.1, 2000, 0.1, 3000, 0.1, 100, 0.1, 20)",4,2020-06-22,0.045454545,0,0.058823529
,,9306.882353,,138,,,,,,,,,,125,10000,105,9953,7,30,10,18,4,10992,47,10,23,4,1099200,4700,1000,2300,400,18,12,0,0,0,0,0,4,1,2,2,0,"(10000, 10, 2, 1, 3, 0, 0.15, 7, 3, 0, 0.5, 4, 4, 0, 0.07, 4.1, 1, 0, 0.75, 1, 2, 0, 0.1, 1, 2.8, 0, 0.15, 3, 3, 0, 0.25, 4.9, 2.2, 0, 0.11, 3.3, 3.1, 0, 0.11, 3, 2, 0, 0.001, 5, 3, 0, 0.001, 7, 3, 0, 0.01, 7, 1, 0, 0.001, 4, 2, 0, 0.001, 5, 2, 0, 0.25, 0.016, 0, 0.02, 0.02, 0.001, 0.001, 0.005, 0.1, 2000, 0.1, 3000, 0.1, 100, 0.1, 20)",4,2020-06-23,0,0,0
,,9306.882353,,138,,,,,,,,,,126,10000,87,9953,7,30,10,18,4,11079,47,10,23,4,1107900,4700,1000,2300,400,18,12,0,0,0,0,0,4,1,2,2,0,"(10000, 10, 2, 1, 3, 0, 0.15, 7, 3, 0, 0.5, 4, 4, 0, 0.07, 4.1, 1, 0, 0.75, 1, 2, 0, 0.1, 1, 2.8, 0, 0.15, 3, 3, 0, 0.25, 4.9, 2.2, 0, 0.11, 3.3, 3.1, 0, 0.11, 3, 2, 0, 0.001, 5, 3, 0, 0.001, 7, 3, 0, 0.01, 7, 1, 0, 0.001, 4, 2, 0, 0.001, 5, 2, 0, 0.25, 0.016, 0, 0.02, 0.02, 0.001, 0.001, 0.005, 0.1, 2000, 0.1, 3000, 0.1, 100, 0.1, 20)",4,2020-06-24,0,0,0
,,9306.882353,,138,,,,,,,,,,127,10000,83,9953,7,30,10,18,4,11162,47,10,23,4,1116200,4700,1000,2300,400,18,12,0,0,0,0,0,4,1,2,2,0,"(10000, 10, 2, 1, 3, 0, 0.15, 7, 3, 0, 0.5, 4, 4, 0, 0.07, 4.1, 1, 0, 0.75, 1, 2, 0, 0.1, 1, 2.8, 0, 0.15, 3, 3, 0, 0.25, 4.9, 2.2, 0, 0.11, 3.3, 3.1, 0, 0.11, 3, 2, 0, 0.001, 5, 3, 0, 0.001, 7, 3, 0, 0.01, 7, 1, 0, 0.001, 4, 2, 0, 0.001, 5, 2, 0, 0.25, 0.016, 0, 0.02, 0.02, 0.001, 0.001, 0.005, 0.1, 2000, 0.1, 3000, 0.1, 100, 0.1, 20)",4,2020-06-25,0,0,0
,,9306.882353,,138,,,,,,,,,,128,10000,113,9953,7,30,10,18,4,11275,47,10,23,4,1127500,4700,1000,2300,400,18,12,0,0,0,0,0,4,1,2,2,0,"(10000, 10, 2, 1, 3, 0, 0.15, 7, 3, 0, 0.5, 4, 4, 0, 0.07, 4.1, 1, 0, 0.75, 1, 2, 0, 0.1, 1, 2.8, 0, 0.15, 3, 3, 0, 0.25, 4.9, 2.2, 0, 0.11, 3.3, 3.1, 0, 0.11, 3, 2, 0, 0.001, 5, 3, 0, 0.001, 7, 3, 0, 0.01, 7, 1, 0, 0.001, 4, 2, 0, 0.001, 5, 2, 0, 0.25, 0.016, 0, 0.02, 0.02, 0.001, 0.001, 0.005, 0.1, 2000, 0.1, 3000, 0.1, 100, 0.1, 20)",4,2020-06-26,0,0,0
,,9306.882353,,138,,,,,,,,,,129,10000,92,9953,7,30,10,18,4,11367,47,10,23,4,1136700,4700,1000,2300,400,18,12,0,0,0,0,0,4,1,2,2,0,"(10000, 10, 2, 1, 3, 0, 0.15, 7, 3, 0, 0.5, 4, 4, 0, 0.07, 4.1, 1, 0, 0.75, 1, 2, 0, 0.1, 1, 2.8, 0, 0.15, 3, 3, 0, 0.25, 4.9, 2.2, 0, 0.11, 3.3, 3.1, 0, 0.11, 3, 2, 0, 0.001, 5, 3, 0, 0.001, 7, 3, 0, 0.01, 7, 1, 0, 0.001, 4, 2, 0, 0.001, 5, 2, 0, 0.25, 0.016, 0, 0.02, 0.02, 0.001, 0.001, 0.005, 0.1, 2000, 0.1, 3000, 0.1, 100, 0.1, 20)",4,2020-06-27,0,0,0
,,9306.882353,,138,,,,,,,,,,130,10000,89,9953,7,30,10,18,4,11456,47,10,23,4,1145600,4700,1000,2300,400,18,12,0,0,0,0,0,4,1,2,2,0,"(10000, 10, 2, 1, 3, 0, 0.15, 7, 3, 0, 0.5, 4, 4, 0, 0.07, 4.1, 1, 0, 0.75, 1, 2, 0, 0.1, 1, 2.8, 0, 0.15, 3, 3, 0, 0.25, 4.9, 2.2, 0, 0.11, 3.3, 3.1, 0, 0.11, 3, 2, 0, 0.001, 5, 3, 0, 0.001, 7, 3, 0, 0.01, 7, 1, 0, 0.001, 4, 2, 0, 0.001, 5, 2, 0, 0.25, 0.016, 0, 0.02, 0.02, 0.001, 0.001, 0.005, 0.1, 2000, 0.1, 3000, 0.1, 100, 0.1, 20)",4,2020-06-28,0,0,0
,,9306.882353,,138,,,,,,,,,,131,10000,81,9953,7,30,10,18,4,11537,47,10,23,4,1153700,4700,1000,2300,400,18,12,0,0,0,0,0,3,2,2,2,0,"(10000, 10, 2, 1, 3, 0, 0.15, 7, 3, 0, 0.5, 4, 4, 0, 0.07, 4.1, 1, 0, 0.75, 1, 2, 0, 0.1, 1, 2.8, 0, 0.15, 3, 3, 0, 0.25, 4.9, 2.2, 0, 0.11, 3.3, 3.1, 0, 0.11, 3, 2, 0, 0.001, 5, 3, 0, 0.001, 7, 3, 0, 0.01, 7, 1, 0, 0.001, 4, 2, 0, 0.001, 5, 2, 0, 0.25, 0.016, 0, 0.02, 0.02, 0.001, 0.001, 0.005, 0.1, 2000, 0.1, 3000, 0.1, 100, 0.1, 20)",4,2020-06-29,0,0,0
,,9711.529412,,138,,,,,,,,,,132,10000,92,9953,7,30,10,19,4,11629,47,10,24,4,1162900,4700,1000,2400,400,18,12,0,0,0,0,0,3,2,2,2,0,"(10000, 10, 2, 1, 3, 0, 0.15, 7, 3, 0, 0.5, 4, 4, 0, 0.07, 4.1, 1, 0, 0.75, 1, 2, 0, 0.1, 1, 2.8, 0, 0.15, 3, 3, 0, 0.25, 4.9, 2.2, 0, 0.11, 3.3, 3.1, 0, 0.11, 3, 2, 0, 0.001, 5, 3, 0, 0.001, 7, 3, 0, 0.01, 7, 1, 0, 0.001, 4, 2, 0, 0.001, 5, 2, 0, 0.25, 0.016, 0, 0.02, 0.02, 0.001, 0.001, 0.005, 0.1, 2000, 0.1, 3000, 0.1, 100, 0.1, 20)",4,2020-06-30,0.043478261,0,0.055555556
,,9711.529412,,138,,,,,,,,,,133,10000,116,9953,7,30,10,19,4,11745,47,10,24,4,1174500,4700,1000,2400,400,18,12,0,0,0,0,0,3,2,2,2,0,"(10000, 10, 2, 1, 3, 0, 0.15, 7, 3, 0, 0.5, 4, 4, 0, 0.07, 4.1, 1, 0, 0.75, 1, 2, 0, 0.1, 1, 2.8, 0, 0.15, 3, 3, 0, 0.25, 4.9, 2.2, 0, 0.11, 3.3, 3.1, 0, 0.11, 3, 2, 0, 0.001, 5, 3, 0, 0.001, 7, 3, 0, 0.01, 7, 1, 0, 0.001, 4, 2, 0, 0.001, 5, 2, 0, 0.25, 0.016, 0, 0.02, 0.02, 0.001, 0.001, 0.005, 0.1, 2000, 0.1, 3000, 0.1, 100, 0.1, 20)",4,2020-07-01,0,0,0
,,9711.529412,,138,,,,,,,,,,134,10000,111,9953,7,30,10,19,4,11856,47,10,24,4,1185600,4700,1000,2400,400,18,12,0,0,0,0,0,3,2,2,2,0,"(10000, 10, 2, 1, 3, 0, 0.15, 7, 3, 0, 0.5, 4, 4, 0, 0.07, 4.1, 1, 0, 0.75, 1, 2, 0, 0.1, 1, 2.8, 0, 0.15, 3, 3, 0, 0.25, 4.9, 2.2, 0, 0.11, 3.3, 3.1, 0, 0.11, 3, 2, 0, 0.001, 5, 3, 0, 0.001, 7, 3, 0, 0.01, 7, 1, 0, 0.001, 4, 2, 0, 0.001, 5, 2, 0, 0.25, 0.016, 0, 0.02, 0.02, 0.001, 0.001, 0.005, 0.1, 2000, 0.1, 3000, 0.1, 100, 0.1, 20)",4,2020-07-02,0,0,0
,,9711.529412,,138,,,,,,,,,,135,10000,86,9953,7,30,10,19,4,11942,47,10,24,4,1194200,4700,1000,2400,400,18,12,0,0,0,0,0,3,2,2,2,0,"(10000, 10, 2, 1, 3, 0, 0.15, 7, 3, 0, 0.5, 4, 4, 0, 0.07, 4.1, 1, 0, 0.75, 1, 2, 0, 0.1, 1, 2.8, 0, 0.15, 3, 3, 0, 0.25, 4.9, 2.2, 0, 0.11, 3.3, 3.1, 0, 0.11, 3, 2, 0, 0.001, 5, 3, 0, 0.001, 7, 3, 0, 0.01, 7, 1, 0, 0.001, 4, 2, 0, 0.001, 5, 2, 0, 0.25, 0.016, 0, 0.02, 0.02, 0.001, 0.001, 0.005, 0.1, 2000, 0.1, 3000, 0.1, 100, 0.1, 20)",4,2020-07-03,0,0,0
,,9711.529412,,138,,,,,,,,,,136,10000,97,9953,7,30,10,19,4,12039,47,10,24,4,1203900,4700,1000,2400,400,18,12,0,0,0,0,0,3,2,2,2,0,"(10000, 10, 2, 1, 3, 0, 0.15, 7, 3, 0, 0.5, 4, 4, 0, 0.07, 4.1, 1, 0, 0.75, 1, 2, 0, 0.1, 1, 2.8, 0, 0.15, 3, 3, 0, 0.25, 4.9, 2.2, 0, 0.11, 3.3, 3.1, 0, 0.11, 3, 2, 0, 0.001, 5, 3, 0, 0.001, 7, 3, 0, 0.01, 7, 1, 0, 0.001, 4, 2, 0, 0.001, 5, 2, 0, 0.25, 0.016, 0, 0.02, 0.02, 0.001, 0.001, 0.005, 0.1, 2000, 0.1, 3000, 0.1, 100, 0.1, 20)",4,2020-07-04,0,0,0
,,9711.529412,,138,,,,,,,,,,137,10000,108,9953,7,30,10,19,4,12147,47,10,24,4,1214700,4700,1000,2400,400,18,12,0,0,0,0,0,3,2,2,2,0,"(10000, 10, 2, 1, 3, 0, 0.15, 7, 3, 0, 0.5, 4, 4, 0, 0.07, 4.1, 1, 0, 0.75, 1, 2, 0, 0.1, 1, 2.8, 0, 0.15, 3, 3, 0, 0.25, 4.9, 2.2, 0, 0.11, 3.3, 3.1, 0, 0.11, 3, 2, 0, 0.001, 5, 3, 0, 0.001, 7, 3, 0, 0.01, 7, 1, 0, 0.001, 4, 2, 0, 0.001, 5, 2, 0, 0.25, 0.016, 0, 0.02, 0.02, 0.001, 0.001, 0.005, 0.1, 2000, 0.1, 3000, 0.1, 100, 0.1, 20)",4,2020-07-05,0,0,0
,,9711.529412,,138,,,,,,,,,,138,10000,94,9953,7,30,10,19,4,12241,47,10,24,4,1224100,4700,1000,2400,400,18,12,0,0,0,0,0,3,2,2,2,0,"(10000, 10, 2, 1, 3, 0, 0.15, 7, 3, 0, 0.5, 4, 4, 0, 0.07, 4.1, 1, 0, 0.75, 1, 2, 0, 0.1, 1, 2.8, 0, 0.15, 3, 3, 0, 0.25, 4.9, 2.2, 0, 0.11, 3.3, 3.1, 0, 0.11, 3, 2, 0, 0.001, 5, 3, 0, 0.001, 7, 3, 0, 0.01, 7, 1, 0, 0.001, 4, 2, 0, 0.001, 5, 2, 0, 0.25, 0.016, 0, 0.02, 0.02, 0.001, 0.001, 0.005, 0.1, 2000, 0.1, 3000, 0.1, 100, 0.1, 20)",4,2020-07-06,0,0,0
,,9711.529412,,138,,,,,,,,,,139,10000,94,9953,7,30,10,19,4,12335,47,10,24,4,1233500,4700,1000,2400,400,18,12,0,0,0,0,0,3,2,2,2,0,"(10000, 10, 2, 1, 3, 0, 0.15, 7, 3, 0, 0.5, 4, 4, 0, 0.07, 4.1, 1, 0, 0.75, 1, 2, 0, 0.1, 1, 2.8, 0, 0.15, 3, 3, 0, 0.25, 4.9, 2.2, 0, 0.11, 3.3, 3.1, 0, 0.11, 3, 2, 0, 0.001, 5, 3, 0, 0.001, 7, 3, 0, 0.01, 7, 1, 0, 0.001, 4, 2, 0, 0.001, 5, 2, 0, 0.25, 0.016, 0, 0.02, 0.02, 0.001, 0.001, 0.005, 0.1, 2000, 0.1, 3000, 0.1, 100, 0.1, 20)",4,2020-07-07,0,0,0
,,9711.529412,,138,,,,,,,,,,140,10000,109,9953,7,30,10,19,4,12444,47,10,24,4,1244400,4700,1000,2400,400,18,12,0,0,0,0,0,3,2,2,2,0,"(10000, 10, 2, 1, 3, 0, 0.15, 7, 3, 0, 0.5, 4, 4, 0, 0.07, 4.1, 1, 0, 0.75, 1, 2, 0, 0.1, 1, 2.8, 0, 0.15, 3, 3, 0, 0.25, 4.9, 2.2, 0, 0.11, 3.3, 3.1, 0, 0.11, 3, 2, 0, 0.001, 5, 3, 0, 0.001, 7, 3, 0, 0.01, 7, 1, 0, 0.001, 4, 2, 0, 0.001, 5, 2, 0, 0.25, 0.016, 0, 0.02, 0.02, 0.001, 0.001, 0.005, 0.1, 2000, 0.1, 3000, 0.1, 100, 0.1, 20)",4,2020-07-08,0,0,0
,,9711.529412,,138,,,,,,,,,,141,10000,116,9953,7,30,10,19,4,12560,47,10,24,4,1256000,4700,1000,2400,400,18,12,0,0,0,0,0,3,2,2,2,0,"(10000, 10, 2, 1, 3, 0, 0.15, 7, 3, 0, 0.5, 4, 4, 0, 0.07, 4.1, 1, 0, 0.75, 1, 2, 0, 0.1, 1, 2.8, 0, 0.15, 3, 3, 0, 0.25, 4.9, 2.2, 0, 0.11, 3.3, 3.1, 0, 0.11, 3, 2, 0, 0.001, 5, 3, 0, 0.001, 7, 3, 0, 0.01, 7, 1, 0, 0.001, 4, 2, 0, 0.001, 5, 2, 0, 0.25, 0.016, 0, 0.02, 0.02, 0.001, 0.001, 0.005, 0.1, 2000, 0.1, 3000, 0.1, 100, 0.1, 20)",4,2020-07-09,0,0,0
,,9711.529412,,138,,,,,,,,,,142,10000,103,9953,7,30,10,19,4,12663,47,10,24,4,1266300,4700,1000,2400,400,18,12,0,0,0,0,0,3,2,2,2,0,"(10000, 10, 2, 1, 3, 0, 0.15, 7, 3, 0, 0.5, 4, 4, 0, 0.07, 4.1, 1, 0, 0.75, 1, 2, 0, 0.1, 1, 2.8, 0, 0.15, 3, 3, 0, 0.25, 4.9, 2.2, 0, 0.11, 3.3, 3.1, 0, 0.11, 3, 2, 0, 0.001, 5, 3, 0, 0.001, 7, 3, 0, 0.01, 7, 1, 0, 0.001, 4, 2, 0, 0.001, 5, 2, 0, 0.25, 0.016, 0, 0.02, 0.02, 0.001, 0.001, 0.005, 0.1, 2000, 0.1, 3000, 0.1, 100, 0.1, 20)",4,2020-07-10,0,0,0
,,9711.529412,,138,,,,,,,,,,143,10000,95,9953,7,30,10,19,4,12758,47,10,24,4,1275800,4700,1000,2400,400,18,12,0,0,0,0,0,3,2,2,2,0,"(10000, 10, 2, 1, 3, 0, 0.15, 7, 3, 0, 0.5, 4, 4, 0, 0.07, 4.1, 1, 0, 0.75, 1, 2, 0, 0.1, 1, 2.8, 0, 0.15, 3, 3, 0, 0.25, 4.9, 2.2, 0, 0.11, 3.3, 3.1, 0, 0.11, 3, 2, 0, 0.001, 5, 3, 0, 0.001, 7, 3, 0, 0.01, 7, 1, 0, 0.001, 4, 2, 0, 0.001, 5, 2, 0, 0.25, 0.016, 0, 0.02, 0.02, 0.001, 0.001, 0.005, 0.1, 2000, 0.1, 3000, 0.1, 100, 0.1, 20)",4,2020-07-11,0,0,0
,,9711.529412,,138,,,,,,,,,,144,10000,107,9953,7,30,10,19,4,12865,47,10,24,4,1286500,4700,1000,2400,400,18,12,0,0,0,0,0,3,2,2,2,0,"(10000, 10, 2, 1, 3, 0, 0.15, 7, 3, 0, 0.5, 4, 4, 0, 0.07, 4.1, 1, 0, 0.75, 1, 2, 0, 0.1, 1, 2.8, 0, 0.15, 3, 3, 0, 0.25, 4.9, 2.2, 0, 0.11, 3.3, 3.1, 0, 0.11, 3, 2, 0, 0.001, 5, 3, 0, 0.001, 7, 3, 0, 0.01, 7, 1, 0, 0.001, 4, 2, 0, 0.001, 5, 2, 0, 0.25, 0.016, 0, 0.02, 0.02, 0.001, 0.001, 0.005, 0.1, 2000, 0.1, 3000, 0.1, 100, 0.1, 20)",4,2020-07-12,0,0,0
,,9711.529412,,138,,,,,,,,,,145,10000,110,9953,7,30,10,19,4,12975,47,10,24,4,1297500,4700,1000,2400,400,18,12,0,0,0,0,0,3,1,3,2,0,"(10000, 10, 2, 1, 3, 0, 0.15, 7, 3, 0, 0.5, 4, 4, 0, 0.07, 4.1, 1, 0, 0.75, 1, 2, 0, 0.1, 1, 2.8, 0, 0.15, 3, 3, 0, 0.25, 4.9, 2.2, 0, 0.11, 3.3, 3.1, 0, 0.11, 3, 2, 0, 0.001, 5, 3, 0, 0.001, 7, 3, 0, 0.01, 7, 1, 0, 0.001, 4, 2, 0, 0.001, 5, 2, 0, 0.25, 0.016, 0, 0.02, 0.02, 0.001, 0.001, 0.005, 0.1, 2000, 0.1, 3000, 0.1, 100, 0.1, 20)",4,2020-07-13,0,0,0
,,9711.529412,,138,,,,,,,,,,146,10000,83,9953,7,30,10,19,4,13058,47,10,24,4,1305800,4700,1000,2400,400,18,12,0,0,0,0,0,3,1,3,3,0,"(10000, 10, 2, 1, 3, 0, 0.15, 7, 3, 0, 0.5, 4, 4, 0, 0.07, 4.1, 1, 0, 0.75, 1, 2, 0, 0.1, 1, 2.8, 0, 0.15, 3, 3, 0, 0.25, 4.9, 2.2, 0, 0.11, 3.3, 3.1, 0, 0.11, 3, 2, 0, 0.001, 5, 3, 0, 0.001, 7, 3, 0, 0.01, 7, 1, 0, 0.001, 4, 2, 0, 0.001, 5, 2, 0, 0.25, 0.016, 0, 0.02, 0.02, 0.001, 0.001, 0.005, 0.1, 2000, 0.1, 3000, 0.1, 100, 0.1, 20)",4,2020-07-14,0,0,0
,,9711.529412,,138,,,,,,,,,,147,10000,91,9953,7,30,10,19,4,13149,47,10,24,4,1314900,4700,1000,2400,400,18,12,0,0,0,0,0,3,1,3,3,0,"(10000, 10, 2, 1, 3, 0, 0.15, 7, 3, 0, 0.5, 4, 4, 0, 0.07, 4.1, 1, 0, 0.75, 1, 2, 0, 0.1, 1, 2.8, 0, 0.15, 3, 3, 0, 0.25, 4.9, 2.2, 0, 0.11, 3.3, 3.1, 0, 0.11, 3, 2, 0, 0.001, 5, 3, 0, 0.001, 7, 3, 0, 0.01, 7, 1, 0, 0.001, 4, 2, 0, 0.001, 5, 2, 0, 0.25, 0.016, 0, 0.02, 0.02, 0.001, 0.001, 0.005, 0.1, 2000, 0.1, 3000, 0.1, 100, 0.1, 20)",4,2020-07-15,0,0,0
,,9711.529412,,138,,,,,,,,,,148,10000,98,9953,7,30,10,19,4,13247,47,10,24,4,1324700,4700,1000,2400,400,18,12,0,0,0,0,0,3,1,3,3,0,"(10000, 10, 2, 1, 3, 0, 0.15, 7, 3, 0, 0.5, 4, 4, 0, 0.07, 4.1, 1, 0, 0.75, 1, 2, 0, 0.1, 1, 2.8, 0, 0.15, 3, 3, 0, 0.25, 4.9, 2.2, 0, 0.11, 3.3, 3.1, 0, 0.11, 3, 2, 0, 0.001, 5, 3, 0, 0.001, 7, 3, 0, 0.01, 7, 1, 0, 0.001, 4, 2, 0, 0.001, 5, 2, 0, 0.25, 0.016, 0, 0.02, 0.02, 0.001, 0.001, 0.005, 0.1, 2000, 0.1, 3000, 0.1, 100, 0.1, 20)",4,2020-07-16,0,0,0
,,9711.529412,,138,,,,,,,,,,149,10000,107,9953,7,30,10,19,4,13354,47,10,24,4,1335400,4700,1000,2400,400,18,12,0,0,0,0,0,3,1,3,3,0,"(10000, 10, 2, 1, 3, 0, 0.15, 7, 3, 0, 0.5, 4, 4, 0, 0.07, 4.1, 1, 0, 0.75, 1, 2, 0, 0.1, 1, 2.8, 0, 0.15, 3, 3, 0, 0.25, 4.9, 2.2, 0, 0.11, 3.3, 3.1, 0, 0.11, 3, 2, 0, 0.001, 5, 3, 0, 0.001, 7, 3, 0, 0.01, 7, 1, 0, 0.001, 4, 2, 0, 0.001, 5, 2, 0, 0.25, 0.016, 0, 0.02, 0.02, 0.001, 0.001, 0.005, 0.1, 2000, 0.1, 3000, 0.1, 100, 0.1, 20)",4,2020-07-17,0,0,0
,,9711.529412,,138,,,,,,,,,,150,10000,94,9953,7,30,10,19,4,13448,47,10,24,4,1344800,4700,1000,2400,400,18,12,0,0,0,0,0,3,1,3,3,0,"(10000, 10, 2, 1, 3, 0, 0.15, 7, 3, 0, 0.5, 4, 4, 0, 0.07, 4.1, 1, 0, 0.75, 1, 2, 0, 0.1, 1, 2.8, 0, 0.15, 3, 3, 0, 0.25, 4.9, 2.2, 0, 0.11, 3.3, 3.1, 0, 0.11, 3, 2, 0, 0.001, 5, 3, 0, 0.001, 7, 3, 0, 0.01, 7, 1, 0, 0.001, 4, 2, 0, 0.001, 5, 2, 0, 0.25, 0.016, 0, 0.02, 0.02, 0.001, 0.001, 0.005, 0.1, 2000, 0.1, 3000, 0.1, 100, 0.1, 20)",4,2020-07-18,0,0,0
,,9711.529412,,138,,,,,,,,,,151,10000,91,9953,7,30,10,19,4,13539,47,10,24,4,1353900,4700,1000,2400,400,18,12,0,0,0,0,0,3,1,3,3,0,"(10000, 10, 2, 1, 3, 0, 0.15, 7, 3, 0, 0.5, 4, 4, 0, 0.07, 4.1, 1, 0, 0.75, 1, 2, 0, 0.1, 1, 2.8, 0, 0.15, 3, 3, 0, 0.25, 4.9, 2.2, 0, 0.11, 3.3, 3.1, 0, 0.11, 3, 2, 0, 0.001, 5, 3, 0, 0.001, 7, 3, 0, 0.01, 7, 1, 0, 0.001, 4, 2, 0, 0.001, 5, 2, 0, 0.25, 0.016, 0, 0.02, 0.02, 0.001, 0.001, 0.005, 0.1, 2000, 0.1, 3000, 0.1, 100, 0.1, 20)",4,2020-07-19,0,0,0
,,9711.529412,,138,,,,,,,,,,152,10000,89,9953,7,30,10,19,4,13628,47,10,24,4,1362800,4700,1000,2400,400,18,12,0,0,0,0,0,3,1,3,3,0,"(10000, 10, 2, 1, 3, 0, 0.15, 7, 3, 0, 0.5, 4, 4, 0, 0.07, 4.1, 1, 0, 0.75, 1, 2, 0, 0.1, 1, 2.8, 0, 0.15, 3, 3, 0, 0.25, 4.9, 2.2, 0, 0.11, 3.3, 3.1, 0, 0.11, 3, 2, 0, 0.001, 5, 3, 0, 0.001, 7, 3, 0, 0.01, 7, 1, 0, 0.001, 4, 2, 0, 0.001, 5, 2, 0, 0.25, 0.016, 0, 0.02, 0.02, 0.001, 0.001, 0.005, 0.1, 2000, 0.1, 3000, 0.1, 100, 0.1, 20)",4,2020-07-20,0,0,0
,,10116.17647,,138,,,,,,,,,,153,10000,81,9953,7,30,10,20,4,13709,47,10,25,4,1370900,4700,1000,2500,400,18,12,0,0,0,0,0,3,1,3,3,0,"(10000, 10, 2, 1, 3, 0, 0.15, 7, 3, 0, 0.5, 4, 4, 0, 0.07, 4.1, 1, 0, 0.75, 1, 2, 0, 0.1, 1, 2.8, 0, 0.15, 3, 3, 0, 0.25, 4.9, 2.2, 0, 0.11, 3.3, 3.1, 0, 0.11, 3, 2, 0, 0.001, 5, 3, 0, 0.001, 7, 3, 0, 0.01, 7, 1, 0, 0.001, 4, 2, 0, 0.001, 5, 2, 0, 0.25, 0.016, 0, 0.02, 0.02, 0.001, 0.001, 0.005, 0.1, 2000, 0.1, 3000, 0.1, 100, 0.1, 20)",4,2020-07-21,0.041666667,0,0.052631579
,,10116.17647,,138,,,,,,,,,,154,10000,90,9953,7,30,10,20,4,13799,47,10,25,4,1379900,4700,1000,2500,400,18,12,0,0,0,0,0,3,1,3,3,0,"(10000, 10, 2, 1, 3, 0, 0.15, 7, 3, 0, 0.5, 4, 4, 0, 0.07, 4.1, 1, 0, 0.75, 1, 2, 0, 0.1, 1, 2.8, 0, 0.15, 3, 3, 0, 0.25, 4.9, 2.2, 0, 0.11, 3.3, 3.1, 0, 0.11, 3, 2, 0, 0.001, 5, 3, 0, 0.001, 7, 3, 0, 0.01, 7, 1, 0, 0.001, 4, 2, 0, 0.001, 5, 2, 0, 0.25, 0.016, 0, 0.02, 0.02, 0.001, 0.001, 0.005, 0.1, 2000, 0.1, 3000, 0.1, 100, 0.1, 20)",4,2020-07-22,0,0,0
,,10116.17647,,138,,,,,,,,,,155,10000,100,9953,7,30,10,20,4,13899,47,10,25,4,1389900,4700,1000,2500,400,18,12,0,0,0,0,0,3,1,3,3,0,"(10000, 10, 2, 1, 3, 0, 0.15, 7, 3, 0, 0.5, 4, 4, 0, 0.07, 4.1, 1, 0, 0.75, 1, 2, 0, 0.1, 1, 2.8, 0, 0.15, 3, 3, 0, 0.25, 4.9, 2.2, 0, 0.11, 3.3, 3.1, 0, 0.11, 3, 2, 0, 0.001, 5, 3, 0, 0.001, 7, 3, 0, 0.01, 7, 1, 0, 0.001, 4, 2, 0, 0.001, 5, 2, 0, 0.25, 0.016, 0, 0.02, 0.02, 0.001, 0.001, 0.005, 0.1, 2000, 0.1, 3000, 0.1, 100, 0.1, 20)",4,2020-07-23,0,0,0
,,10116.17647,,138,,,,,,,,,,156,10000,124,9953,7,30,10,20,4,14023,47,10,25,4,1402300,4700,1000,2500,400,18,12,0,0,0,0,0,3,1,3,3,0,"(10000, 10, 2, 1, 3, 0, 0.15, 7, 3, 0, 0.5, 4, 4, 0, 0.07, 4.1, 1, 0, 0.75, 1, 2, 0, 0.1, 1, 2.8, 0, 0.15, 3, 3, 0, 0.25, 4.9, 2.2, 0, 0.11, 3.3, 3.1, 0, 0.11, 3, 2, 0, 0.001, 5, 3, 0, 0.001, 7, 3, 0, 0.01, 7, 1, 0, 0.001, 4, 2, 0, 0.001, 5, 2, 0, 0.25, 0.016, 0, 0.02, 0.02, 0.001, 0.001, 0.005, 0.1, 2000, 0.1, 3000, 0.1, 100, 0.1, 20)",4,2020-07-24,0,0,0
,,10116.17647,,138,,,,,,,,,,157,10000,119,9953,7,30,10,20,4,14142,47,10,25,4,1414200,4700,1000,2500,400,18,12,0,0,0,0,0,3,1,3,3,0,"(10000, 10, 2, 1, 3, 0, 0.15, 7, 3, 0, 0.5, 4, 4, 0, 0.07, 4.1, 1, 0, 0.75, 1, 2, 0, 0.1, 1, 2.8, 0, 0.15, 3, 3, 0, 0.25, 4.9, 2.2, 0, 0.11, 3.3, 3.1, 0, 0.11, 3, 2, 0, 0.001, 5, 3, 0, 0.001, 7, 3, 0, 0.01, 7, 1, 0, 0.001, 4, 2, 0, 0.001, 5, 2, 0, 0.25, 0.016, 0, 0.02, 0.02, 0.001, 0.001, 0.005, 0.1, 2000, 0.1, 3000, 0.1, 100, 0.1, 20)",4,2020-07-25,0,0,0
,,10116.17647,,138,,,,,,,,,,158,10000,83,9953,7,30,10,20,4,14225,47,10,25,4,1422500,4700,1000,2500,400,18,12,0,0,0,0,0,3,1,3,3,0,"(10000, 10, 2, 1, 3, 0, 0.15, 7, 3, 0, 0.5, 4, 4, 0, 0.07, 4.1, 1, 0, 0.75, 1, 2, 0, 0.1, 1, 2.8, 0, 0.15, 3, 3, 0, 0.25, 4.9, 2.2, 0, 0.11, 3.3, 3.1, 0, 0.11, 3, 2, 0, 0.001, 5, 3, 0, 0.001, 7, 3, 0, 0.01, 7, 1, 0, 0.001, 4, 2, 0, 0.001, 5, 2, 0, 0.25, 0.016, 0, 0.02, 0.02, 0.001, 0.001, 0.005, 0.1, 2000, 0.1, 3000, 0.1, 100, 0.1, 20)",4,2020-07-26,0,0,0
,,10116.17647,,138,,,,,,,,,,159,10000,84,9953,7,30,10,20,4,14309,47,10,25,4,1430900,4700,1000,2500,400,18,12,0,0,0,0,0,3,1,3,3,0,"(10000, 10, 2, 1, 3, 0, 0.15, 7, 3, 0, 0.5, 4, 4, 0, 0.07, 4.1, 1, 0, 0.75, 1, 2, 0, 0.1, 1, 2.8, 0, 0.15, 3, 3, 0, 0.25, 4.9, 2.2, 0, 0.11, 3.3, 3.1, 0, 0.11, 3, 2, 0, 0.001, 5, 3, 0, 0.001, 7, 3, 0, 0.01, 7, 1, 0, 0.001, 4, 2, 0, 0.001, 5, 2, 0, 0.25, 0.016, 0, 0.02, 0.02, 0.001, 0.001, 0.005, 0.1, 2000, 0.1, 3000, 0.1, 100, 0.1, 20)",4,2020-07-27,0,0,0
,,10116.17647,,138,,,,,,,,,,160,10000,91,9953,7,30,10,20,4,14400,47,10,25,4,1440000,4700,1000,2500,400,18,12,0,0,0,0,0,3,1,3,3,0,"(10000, 10, 2, 1, 3, 0, 0.15, 7, 3, 0, 0.5, 4, 4, 0, 0.07, 4.1, 1, 0, 0.75, 1, 2, 0, 0.1, 1, 2.8, 0, 0.15, 3, 3, 0, 0.25, 4.9, 2.2, 0, 0.11, 3.3, 3.1, 0, 0.11, 3, 2, 0, 0.001, 5, 3, 0, 0.001, 7, 3, 0, 0.01, 7, 1, 0, 0.001, 4, 2, 0, 0.001, 5, 2, 0, 0.25, 0.016, 0, 0.02, 0.02, 0.001, 0.001, 0.005, 0.1, 2000, 0.1, 3000, 0.1, 100, 0.1, 20)",4,2020-07-28,0,0,0
,,10116.17647,,138,,,,,,,,,,161,10000,119,9953,7,30,10,20,4,14519,47,10,25,4,1451900,4700,1000,2500,400,18,12,0,0,0,0,0,3,1,3,3,0,"(10000, 10, 2, 1, 3, 0, 0.15, 7, 3, 0, 0.5, 4, 4, 0, 0.07, 4.1, 1, 0, 0.75, 1, 2, 0, 0.1, 1, 2.8, 0, 0.15, 3, 3, 0, 0.25, 4.9, 2.2, 0, 0.11, 3.3, 3.1, 0, 0.11, 3, 2, 0, 0.001, 5, 3, 0, 0.001, 7, 3, 0, 0.01, 7, 1, 0, 0.001, 4, 2, 0, 0.001, 5, 2, 0, 0.25, 0.016, 0, 0.02, 0.02, 0.001, 0.001, 0.005, 0.1, 2000, 0.1, 3000, 0.1, 100, 0.1, 20)",4,2020-07-29,0,0,0
,,10116.17647,,138,,,,,,,,,,162,10000,101,9953,7,30,10,20,4,14620,47,10,25,4,1462000,4700,1000,2500,400,18,12,0,0,0,0,0,2,2,3,3,0,"(10000, 10, 2, 1, 3, 0, 0.15, 7, 3, 0, 0.5, 4, 4, 0, 0.07, 4.1, 1, 0, 0.75, 1, 2, 0, 0.1, 1, 2.8, 0, 0.15, 3, 3, 0, 0.25, 4.9, 2.2, 0, 0.11, 3.3, 3.1, 0, 0.11, 3, 2, 0, 0.001, 5, 3, 0, 0.001, 7, 3, 0, 0.01, 7, 1, 0, 0.001, 4, 2, 0, 0.001, 5, 2, 0, 0.25, 0.016, 0, 0.02, 0.02, 0.001, 0.001, 0.005, 0.1, 2000, 0.1, 3000, 0.1, 100, 0.1, 20)",4,2020-07-30,0,0,0
,,10116.17647,,138,,,,,,,,,,163,10000,90,9953,7,30,10,20,4,14710,47,10,25,4,1471000,4700,1000,2500,400,18,12,0,0,0,0,0,2,2,3,3,0,"(10000, 10, 2, 1, 3, 0, 0.15, 7, 3, 0, 0.5, 4, 4, 0, 0.07, 4.1, 1, 0, 0.75, 1, 2, 0, 0.1, 1, 2.8, 0, 0.15, 3, 3, 0, 0.25, 4.9, 2.2, 0, 0.11, 3.3, 3.1, 0, 0.11, 3, 2, 0, 0.001, 5, 3, 0, 0.001, 7, 3, 0, 0.01, 7, 1, 0, 0.001, 4, 2, 0, 0.001, 5, 2, 0, 0.25, 0.016, 0, 0.02, 0.02, 0.001, 0.001, 0.005, 0.1, 2000, 0.1, 3000, 0.1, 100, 0.1, 20)",4,2020-07-31,0,0,0
,,10116.17647,,138,,,,,,,,,,164,10000,109,9953,7,30,10,20,4,14819,47,10,25,4,1481900,4700,1000,2500,400,18,12,0,0,0,0,0,2,2,3,3,0,"(10000, 10, 2, 1, 3, 0, 0.15, 7, 3, 0, 0.5, 4, 4, 0, 0.07, 4.1, 1, 0, 0.75, 1, 2, 0, 0.1, 1, 2.8, 0, 0.15, 3, 3, 0, 0.25, 4.9, 2.2, 0, 0.11, 3.3, 3.1, 0, 0.11, 3, 2, 0, 0.001, 5, 3, 0, 0.001, 7, 3, 0, 0.01, 7, 1, 0, 0.001, 4, 2, 0, 0.001, 5, 2, 0, 0.25, 0.016, 0, 0.02, 0.02, 0.001, 0.001, 0.005, 0.1, 2000, 0.1, 3000, 0.1, 100, 0.1, 20)",4,2020-08-01,0,0,0
,,10116.17647,,138,,,,,,,,,,165,10000,75,9953,7,30,10,20,4,14894,47,10,25,4,1489400,4700,1000,2500,400,18,12,0,0,0,0,0,2,1,4,4,0,"(10000, 10, 2, 1, 3, 0, 0.15, 7, 3, 0, 0.5, 4, 4, 0, 0.07, 4.1, 1, 0, 0.75, 1, 2, 0, 0.1, 1, 2.8, 0, 0.15, 3, 3, 0, 0.25, 4.9, 2.2, 0, 0.11, 3.3, 3.1, 0, 0.11, 3, 2, 0, 0.001, 5, 3, 0, 0.001, 7, 3, 0, 0.01, 7, 1, 0, 0.001, 4, 2, 0, 0.001, 5, 2, 0, 0.25, 0.016, 0, 0.02, 0.02, 0.001, 0.001, 0.005, 0.1, 2000, 0.1, 3000, 0.1, 100, 0.1, 20)",4,2020-08-02,0,0,0
